recommendation_id,device_id,similar_case_id,outcome,resolution
REC-0001,DEV-0103,CASE-0641,False Positive,Dismissed; benign root cause confirmed
REC-0002,DEV-0038,CASE-0162,Recommendation Correct,Approved and threat verified
REC-0003,DEV-0244,CASE-0371,Recommendation Correct,Approved and threat verified
REC-0004,DEV-0172,CASE-0215,Recommendation Correct,Approved and threat verified
REC-0005,DEV-0228,CASE-0377,Recommendation Correct,Approved and threat verified
REC-0006,DEV-0089,CASE-0800,Recommendation Correct,Approved and threat verified
REC-0007,DEV-0162,CASE-0410,Recommendation Correct,Approved and threat verified
REC-0008,DEV-0103,CASE-0752,Recommendation Correct,Approved and threat verified
REC-0009,DEV-0036,CASE-0831,Recommendation Incorrect,Overridden after investigation
REC-0010,DEV-0225,CASE-0923,Recommendation Incorrect,Overridden after investigation
REC-0011,DEV-0113,CASE-0003,False Negative,Escalated; incident response initiated
REC-0012,DEV-0147,CASE-0740,False Positive,Dismissed; benign root cause confirmed
REC-0013,DEV-0097,CASE-0494,Recommendation Correct,Approved and threat verified
REC-0014,DEV-0220,CASE-0508,False Positive,Dismissed; benign root cause confirmed
REC-0015,DEV-0233,CASE-0332,Recommendation Correct,Approved and threat verified
REC-0016,DEV-0093,CASE-0776,False Negative,Escalated; incident response initiated
REC-0017,DEV-0204,CASE-0681,Recommendation Correct,Approved and threat verified
REC-0018,DEV-0061,CASE-0206,Recommendation Correct,Approved and threat verified
REC-0019,DEV-0225,CASE-0505,Recommendation Correct,Approved and threat verified
REC-0020,DEV-0234,CASE-0304,Recommendation Correct,Approved and threat verified
REC-0021,DEV-0065,CASE-0087,False Positive,Dismissed; benign root cause confirmed
REC-0022,DEV-0170,CASE-0428,False Positive,Dismissed; benign root cause confirmed
REC-0023,DEV-0013,CASE-0626,Recommendation Correct,Approved and threat verified
REC-0024,DEV-0122,CASE-0541,Recommendation Correct,Approved and threat verified
REC-0025,DEV-0144,CASE-0078,Recommendation Correct,Approved and threat verified
REC-0026,DEV-0222,CASE-0098,False Positive,Dismissed; benign root cause confirmed
REC-0027,DEV-0219,CASE-0679,False Positive,Dismissed; benign root cause confirmed
REC-0028,DEV-0012,CASE-0809,Recommendation Correct,Approved and threat verified
REC-0029,DEV-0120,CASE-0337,False Negative,Escalated; incident response initiated
REC-0030,DEV-0113,CASE-0971,Recommendation Correct,Approved and threat verified
REC-0031,DEV-0076,CASE-0305,Recommendation Correct,Approved and threat verified
REC-0032,DEV-0109,CASE-0490,False Positive,Dismissed; benign root cause confirmed
REC-0033,DEV-0170,CASE-0932,Recommendation Correct,Approved and threat verified
REC-0034,DEV-0070,CASE-0853,Recommendation Correct,Approved and threat verified
REC-0035,DEV-0001,CASE-0745,Recommendation Correct,Approved and threat verified
REC-0036,DEV-0227,CASE-0055,False Negative,Escalated; incident response initiated
REC-0037,DEV-0122,CASE-0441,Recommendation Correct,Approved and threat verified
REC-0038,DEV-0046,CASE-0845,False Positive,Dismissed; benign root cause confirmed
REC-0039,DEV-0011,CASE-0764,Recommendation Correct,Approved and threat verified
REC-0040,DEV-0181,CASE-0125,Recommendation Correct,Approved and threat verified
REC-0041,DEV-0154,CASE-0317,False Positive,Dismissed; benign root cause confirmed
REC-0042,DEV-0103,CASE-0581,Recommendation Correct,Approved and threat verified
REC-0043,DEV-0029,CASE-0651,Recommendation Correct,Approved and threat verified
REC-0044,DEV-0183,CASE-0811,Recommendation Correct,Approved and threat verified
REC-0045,DEV-0021,CASE-0580,Recommendation Correct,Approved and threat verified
REC-0046,DEV-0121,CASE-0571,False Positive,Dismissed; benign root cause confirmed
REC-0047,DEV-0215,CASE-0904,Recommendation Incorrect,Overridden after investigation
REC-0048,DEV-0202,CASE-0461,Recommendation Correct,Approved and threat verified
REC-0049,DEV-0111,CASE-0220,Recommendation Correct,Approved and threat verified
REC-0050,DEV-0070,CASE-0101,False Positive,Dismissed; benign root cause confirmed
REC-0051,DEV-0079,CASE-0730,Recommendation Correct,Approved and threat verified
REC-0052,DEV-0212,CASE-0331,False Positive,Dismissed; benign root cause confirmed
REC-0053,DEV-0151,CASE-0339,False Positive,Dismissed; benign root cause confirmed
REC-0054,DEV-0062,CASE-0165,Recommendation Incorrect,Overridden after investigation
REC-0055,DEV-0060,CASE-0723,Recommendation Correct,Approved and threat verified
REC-0056,DEV-0097,CASE-0728,False Positive,Dismissed; benign root cause confirmed
REC-0057,DEV-0192,CASE-0376,Recommendation Correct,Approved and threat verified
REC-0058,DEV-0123,CASE-0083,Recommendation Correct,Approved and threat verified
REC-0059,DEV-0155,CASE-0478,False Negative,Escalated; incident response initiated
REC-0060,DEV-0218,CASE-0369,Recommendation Correct,Approved and threat verified
REC-0061,DEV-0246,CASE-0969,Recommendation Correct,Approved and threat verified
REC-0062,DEV-0201,CASE-0720,Recommendation Correct,Approved and threat verified
REC-0063,DEV-0108,CASE-0456,Recommendation Correct,Approved and threat verified
REC-0064,DEV-0148,CASE-0953,False Positive,Dismissed; benign root cause confirmed
REC-0065,DEV-0001,CASE-0355,Recommendation Correct,Approved and threat verified
REC-0066,DEV-0124,CASE-0210,Recommendation Correct,Approved and threat verified
REC-0067,DEV-0051,CASE-0976,False Positive,Dismissed; benign root cause confirmed
REC-0068,DEV-0161,CASE-0800,Recommendation Correct,Approved and threat verified
REC-0069,DEV-0166,CASE-0011,Recommendation Correct,Approved and threat verified
REC-0070,DEV-0009,CASE-0580,Recommendation Correct,Approved and threat verified
REC-0071,DEV-0100,CASE-0622,Recommendation Incorrect,Overridden after investigation
REC-0072,DEV-0237,CASE-0993,Recommendation Correct,Approved and threat verified
REC-0073,DEV-0011,CASE-0032,False Positive,Dismissed; benign root cause confirmed
REC-0074,DEV-0109,CASE-0251,Recommendation Incorrect,Overridden after investigation
REC-0075,DEV-0222,CASE-0355,False Positive,Dismissed; benign root cause confirmed
REC-0076,DEV-0200,CASE-0298,Recommendation Correct,Approved and threat verified
REC-0077,DEV-0137,CASE-0512,Recommendation Correct,Approved and threat verified
REC-0078,DEV-0098,CASE-0374,Recommendation Correct,Approved and threat verified
REC-0079,DEV-0108,CASE-0132,Recommendation Correct,Approved and threat verified
REC-0080,DEV-0245,CASE-0910,Recommendation Correct,Approved and threat verified
REC-0081,DEV-0146,CASE-0229,Recommendation Correct,Approved and threat verified
REC-0082,DEV-0077,CASE-0797,Recommendation Correct,Approved and threat verified
REC-0083,DEV-0047,CASE-0495,Recommendation Correct,Approved and threat verified
REC-0084,DEV-0142,CASE-0864,Recommendation Correct,Approved and threat verified
REC-0085,DEV-0226,CASE-0717,False Negative,Escalated; incident response initiated
REC-0086,DEV-0067,CASE-0008,Recommendation Correct,Approved and threat verified
REC-0087,DEV-0155,CASE-0016,Recommendation Correct,Approved and threat verified
REC-0088,DEV-0039,CASE-0093,Recommendation Correct,Approved and threat verified
REC-0089,DEV-0156,CASE-0161,Recommendation Correct,Approved and threat verified
REC-0090,DEV-0014,CASE-0317,Recommendation Correct,Approved and threat verified
REC-0091,DEV-0226,CASE-0486,Recommendation Correct,Approved and threat verified
REC-0092,DEV-0092,CASE-0528,Recommendation Correct,Approved and threat verified
REC-0093,DEV-0015,CASE-0933,Recommendation Correct,Approved and threat verified
REC-0094,DEV-0148,CASE-0068,Recommendation Correct,Approved and threat verified
REC-0095,DEV-0205,CASE-0821,False Positive,Dismissed; benign root cause confirmed
REC-0096,DEV-0145,CASE-0926,False Positive,Dismissed; benign root cause confirmed
REC-0097,DEV-0150,CASE-0279,Recommendation Correct,Approved and threat verified
REC-0098,DEV-0041,CASE-0634,Recommendation Correct,Approved and threat verified
REC-0099,DEV-0188,CASE-0522,Recommendation Correct,Approved and threat verified
REC-0100,DEV-0082,CASE-0358,False Negative,Escalated; incident response initiated
REC-0101,DEV-0186,CASE-0673,Recommendation Incorrect,Overridden after investigation
REC-0102,DEV-0079,CASE-0471,Recommendation Correct,Approved and threat verified
REC-0103,DEV-0172,CASE-0560,Recommendation Correct,Approved and threat verified
REC-0104,DEV-0066,CASE-0634,Recommendation Correct,Approved and threat verified
REC-0105,DEV-0133,CASE-0255,False Negative,Escalated; incident response initiated
REC-0106,DEV-0148,CASE-0280,Recommendation Correct,Approved and threat verified
REC-0107,DEV-0242,CASE-0162,Recommendation Correct,Approved and threat verified
REC-0108,DEV-0234,CASE-0990,Recommendation Correct,Approved and threat verified
REC-0109,DEV-0114,CASE-0297,Recommendation Incorrect,Overridden after investigation
REC-0110,DEV-0220,CASE-0660,False Positive,Dismissed; benign root cause confirmed
REC-0111,DEV-0198,CASE-0697,Recommendation Correct,Approved and threat verified
REC-0112,DEV-0060,CASE-0537,Recommendation Correct,Approved and threat verified
REC-0113,DEV-0156,CASE-0515,Recommendation Correct,Approved and threat verified
REC-0114,DEV-0151,CASE-0430,Recommendation Correct,Approved and threat verified
REC-0115,DEV-0239,CASE-0330,False Positive,Dismissed; benign root cause confirmed
REC-0116,DEV-0189,CASE-0598,Recommendation Correct,Approved and threat verified
REC-0117,DEV-0009,CASE-0783,Recommendation Correct,Approved and threat verified
REC-0118,DEV-0147,CASE-0382,False Negative,Escalated; incident response initiated
REC-0119,DEV-0201,CASE-0295,Recommendation Correct,Approved and threat verified
REC-0120,DEV-0218,CASE-0678,Recommendation Correct,Approved and threat verified
REC-0121,DEV-0130,CASE-0214,False Positive,Dismissed; benign root cause confirmed
REC-0122,DEV-0098,CASE-0669,Recommendation Correct,Approved and threat verified
REC-0123,DEV-0212,CASE-0159,Recommendation Correct,Approved and threat verified
REC-0124,DEV-0204,CASE-0739,Recommendation Correct,Approved and threat verified
REC-0125,DEV-0210,CASE-0022,Recommendation Correct,Approved and threat verified
REC-0126,DEV-0206,CASE-0741,Recommendation Correct,Approved and threat verified
REC-0127,DEV-0033,CASE-0149,False Negative,Escalated; incident response initiated
REC-0128,DEV-0079,CASE-0007,False Positive,Dismissed; benign root cause confirmed
REC-0129,DEV-0243,CASE-0804,Recommendation Correct,Approved and threat verified
REC-0130,DEV-0080,CASE-0762,Recommendation Correct,Approved and threat verified
REC-0131,DEV-0062,CASE-0926,Recommendation Correct,Approved and threat verified
REC-0132,DEV-0215,CASE-0967,Recommendation Correct,Approved and threat verified
REC-0133,DEV-0196,CASE-0584,Recommendation Correct,Approved and threat verified
REC-0134,DEV-0129,CASE-0571,Recommendation Correct,Approved and threat verified
REC-0135,DEV-0160,CASE-0157,False Negative,Escalated; incident response initiated
REC-0136,DEV-0180,CASE-0129,False Positive,Dismissed; benign root cause confirmed
REC-0137,DEV-0195,CASE-0172,False Positive,Dismissed; benign root cause confirmed
REC-0138,DEV-0160,CASE-0877,Recommendation Correct,Approved and threat verified
REC-0139,DEV-0032,CASE-0163,Recommendation Correct,Approved and threat verified
REC-0140,DEV-0235,CASE-0497,False Positive,Dismissed; benign root cause confirmed
REC-0141,DEV-0189,CASE-0390,False Positive,Dismissed; benign root cause confirmed
REC-0142,DEV-0003,CASE-0806,Recommendation Correct,Approved and threat verified
REC-0143,DEV-0143,CASE-0553,Recommendation Correct,Approved and threat verified
REC-0144,DEV-0024,CASE-0457,Recommendation Correct,Approved and threat verified
REC-0145,DEV-0055,CASE-0950,Recommendation Correct,Approved and threat verified
REC-0146,DEV-0100,CASE-0287,Recommendation Correct,Approved and threat verified
REC-0147,DEV-0145,CASE-0369,Recommendation Correct,Approved and threat verified
REC-0148,DEV-0081,CASE-0186,Recommendation Correct,Approved and threat verified
REC-0149,DEV-0126,CASE-0262,False Negative,Escalated; incident response initiated
REC-0150,DEV-0086,CASE-0829,Recommendation Correct,Approved and threat verified
REC-0151,DEV-0021,CASE-0745,Recommendation Correct,Approved and threat verified
REC-0152,DEV-0057,CASE-0494,False Negative,Escalated; incident response initiated
REC-0153,DEV-0127,CASE-0509,False Positive,Dismissed; benign root cause confirmed
REC-0154,DEV-0074,CASE-0066,Recommendation Correct,Approved and threat verified
REC-0155,DEV-0049,CASE-0371,False Positive,Dismissed; benign root cause confirmed
REC-0156,DEV-0058,CASE-0123,Recommendation Correct,Approved and threat verified
REC-0157,DEV-0147,CASE-0004,Recommendation Correct,Approved and threat verified
REC-0158,DEV-0060,CASE-0412,False Positive,Dismissed; benign root cause confirmed
REC-0159,DEV-0107,CASE-0487,Recommendation Correct,Approved and threat verified
REC-0160,DEV-0004,CASE-0333,False Positive,Dismissed; benign root cause confirmed
REC-0161,DEV-0116,CASE-0577,Recommendation Correct,Approved and threat verified
REC-0162,DEV-0156,CASE-0270,Recommendation Correct,Approved and threat verified
REC-0163,DEV-0033,CASE-0440,Recommendation Correct,Approved and threat verified
REC-0164,DEV-0047,CASE-0335,Recommendation Correct,Approved and threat verified
REC-0165,DEV-0219,CASE-0606,False Positive,Dismissed; benign root cause confirmed
REC-0166,DEV-0176,CASE-0115,Recommendation Correct,Approved and threat verified
REC-0167,DEV-0244,CASE-0758,False Positive,Dismissed; benign root cause confirmed
REC-0168,DEV-0196,CASE-0032,False Positive,Dismissed; benign root cause confirmed
REC-0169,DEV-0064,CASE-0718,Recommendation Correct,Approved and threat verified
REC-0170,DEV-0045,CASE-0305,Recommendation Correct,Approved and threat verified
REC-0171,DEV-0179,CASE-0345,False Positive,Dismissed; benign root cause confirmed
REC-0172,DEV-0061,CASE-0167,Recommendation Correct,Approved and threat verified
REC-0173,DEV-0189,CASE-0965,False Positive,Dismissed; benign root cause confirmed
REC-0174,DEV-0088,CASE-0273,False Positive,Dismissed; benign root cause confirmed
REC-0175,DEV-0189,CASE-0362,False Positive,Dismissed; benign root cause confirmed
REC-0176,DEV-0068,CASE-0192,False Positive,Dismissed; benign root cause confirmed
REC-0177,DEV-0142,CASE-0506,False Positive,Dismissed; benign root cause confirmed
REC-0178,DEV-0163,CASE-0306,Recommendation Correct,Approved and threat verified
REC-0179,DEV-0099,CASE-0988,Recommendation Correct,Approved and threat verified
REC-0180,DEV-0118,CASE-0307,False Negative,Escalated; incident response initiated
REC-0181,DEV-0220,CASE-0333,Recommendation Correct,Approved and threat verified
REC-0182,DEV-0158,CASE-0334,False Negative,Escalated; incident response initiated
REC-0183,DEV-0170,CASE-0924,Recommendation Correct,Approved and threat verified
REC-0184,DEV-0233,CASE-0394,Recommendation Correct,Approved and threat verified
REC-0185,DEV-0243,CASE-0692,Recommendation Correct,Approved and threat verified
REC-0186,DEV-0028,CASE-0577,Recommendation Correct,Approved and threat verified
REC-0187,DEV-0209,CASE-0950,False Positive,Dismissed; benign root cause confirmed
REC-0188,DEV-0216,CASE-0363,False Negative,Escalated; incident response initiated
REC-0189,DEV-0048,CASE-0960,Recommendation Incorrect,Overridden after investigation
REC-0190,DEV-0093,CASE-0661,Recommendation Correct,Approved and threat verified
REC-0191,DEV-0026,CASE-0091,Recommendation Correct,Approved and threat verified
REC-0192,DEV-0191,CASE-0204,Recommendation Incorrect,Overridden after investigation
REC-0193,DEV-0061,CASE-0611,False Positive,Dismissed; benign root cause confirmed
REC-0194,DEV-0215,CASE-0044,False Positive,Dismissed; benign root cause confirmed
REC-0195,DEV-0081,CASE-0609,Recommendation Incorrect,Overridden after investigation
REC-0196,DEV-0215,CASE-0435,False Positive,Dismissed; benign root cause confirmed
REC-0197,DEV-0008,CASE-0794,Recommendation Correct,Approved and threat verified
REC-0198,DEV-0083,CASE-0491,Recommendation Correct,Approved and threat verified
REC-0199,DEV-0235,CASE-0248,Recommendation Correct,Approved and threat verified
REC-0200,DEV-0103,CASE-0957,Recommendation Incorrect,Overridden after investigation
REC-0201,DEV-0137,CASE-0866,False Positive,Dismissed; benign root cause confirmed
REC-0202,DEV-0236,CASE-0634,Recommendation Correct,Approved and threat verified
REC-0203,DEV-0002,CASE-0900,Recommendation Incorrect,Overridden after investigation
REC-0204,DEV-0084,CASE-0419,Recommendation Correct,Approved and threat verified
REC-0205,DEV-0033,CASE-0685,Recommendation Correct,Approved and threat verified
REC-0206,DEV-0214,CASE-0938,Recommendation Correct,Approved and threat verified
REC-0207,DEV-0096,CASE-0927,Recommendation Correct,Approved and threat verified
REC-0208,DEV-0200,CASE-0057,False Positive,Dismissed; benign root cause confirmed
REC-0209,DEV-0084,CASE-0631,Recommendation Correct,Approved and threat verified
REC-0210,DEV-0141,CASE-0763,False Negative,Escalated; incident response initiated
REC-0211,DEV-0068,CASE-0456,False Positive,Dismissed; benign root cause confirmed
REC-0212,DEV-0004,CASE-0341,False Negative,Escalated; incident response initiated
REC-0213,DEV-0171,CASE-0182,Recommendation Correct,Approved and threat verified
REC-0214,DEV-0055,CASE-0264,Recommendation Correct,Approved and threat verified
REC-0215,DEV-0160,CASE-0182,Recommendation Correct,Approved and threat verified
REC-0216,DEV-0091,CASE-0138,Recommendation Correct,Approved and threat verified
REC-0217,DEV-0221,CASE-0454,Recommendation Correct,Approved and threat verified
REC-0218,DEV-0106,CASE-0087,False Positive,Dismissed; benign root cause confirmed
REC-0219,DEV-0027,CASE-0092,Recommendation Correct,Approved and threat verified
REC-0220,DEV-0169,CASE-0186,Recommendation Correct,Approved and threat verified
REC-0221,DEV-0243,CASE-0664,Recommendation Correct,Approved and threat verified
REC-0222,DEV-0016,CASE-0533,Recommendation Correct,Approved and threat verified
REC-0223,DEV-0048,CASE-0485,Recommendation Correct,Approved and threat verified
REC-0224,DEV-0122,CASE-0156,False Negative,Escalated; incident response initiated
REC-0225,DEV-0192,CASE-0619,False Positive,Dismissed; benign root cause confirmed
REC-0226,DEV-0216,CASE-0035,Recommendation Correct,Approved and threat verified
REC-0227,DEV-0202,CASE-0393,Recommendation Correct,Approved and threat verified
REC-0228,DEV-0210,CASE-0388,False Positive,Dismissed; benign root cause confirmed
REC-0229,DEV-0062,CASE-0297,False Positive,Dismissed; benign root cause confirmed
REC-0230,DEV-0221,CASE-0854,Recommendation Correct,Approved and threat verified
REC-0231,DEV-0082,CASE-0039,Recommendation Incorrect,Overridden after investigation
REC-0232,DEV-0183,CASE-0753,Recommendation Correct,Approved and threat verified
REC-0233,DEV-0073,CASE-0496,Recommendation Correct,Approved and threat verified
REC-0234,DEV-0149,CASE-0882,False Negative,Escalated; incident response initiated
REC-0235,DEV-0106,CASE-0994,Recommendation Correct,Approved and threat verified
REC-0236,DEV-0154,CASE-0740,False Positive,Dismissed; benign root cause confirmed
REC-0237,DEV-0176,CASE-0765,False Positive,Dismissed; benign root cause confirmed
REC-0238,DEV-0131,CASE-0623,Recommendation Correct,Approved and threat verified
REC-0239,DEV-0037,CASE-0298,Recommendation Correct,Approved and threat verified
REC-0240,DEV-0098,CASE-0304,Recommendation Correct,Approved and threat verified
REC-0241,DEV-0102,CASE-0899,Recommendation Correct,Approved and threat verified
REC-0242,DEV-0056,CASE-0969,Recommendation Incorrect,Overridden after investigation
REC-0243,DEV-0039,CASE-0647,Recommendation Incorrect,Overridden after investigation
REC-0244,DEV-0057,CASE-0293,False Positive,Dismissed; benign root cause confirmed
REC-0245,DEV-0108,CASE-0077,False Positive,Dismissed; benign root cause confirmed
REC-0246,DEV-0011,CASE-0790,Recommendation Incorrect,Overridden after investigation
REC-0247,DEV-0175,CASE-0739,False Negative,Escalated; incident response initiated
REC-0248,DEV-0195,CASE-0863,Recommendation Incorrect,Overridden after investigation
REC-0249,DEV-0156,CASE-0292,False Positive,Dismissed; benign root cause confirmed
REC-0250,DEV-0015,CASE-0157,Recommendation Correct,Approved and threat verified
REC-0251,DEV-0049,CASE-0424,False Negative,Escalated; incident response initiated
REC-0252,DEV-0116,CASE-0601,Recommendation Incorrect,Overridden after investigation
REC-0253,DEV-0101,CASE-0761,False Negative,Escalated; incident response initiated
REC-0254,DEV-0215,CASE-0616,Recommendation Correct,Approved and threat verified
REC-0255,DEV-0130,CASE-0422,False Positive,Dismissed; benign root cause confirmed
REC-0256,DEV-0166,CASE-0274,Recommendation Incorrect,Overridden after investigation
REC-0257,DEV-0028,CASE-0936,Recommendation Correct,Approved and threat verified
REC-0258,DEV-0104,CASE-0115,Recommendation Incorrect,Overridden after investigation
REC-0259,DEV-0095,CASE-0073,Recommendation Correct,Approved and threat verified
REC-0260,DEV-0183,CASE-0406,Recommendation Correct,Approved and threat verified
REC-0261,DEV-0153,CASE-0976,Recommendation Incorrect,Overridden after investigation
REC-0262,DEV-0153,CASE-0259,False Positive,Dismissed; benign root cause confirmed
REC-0263,DEV-0202,CASE-0832,Recommendation Correct,Approved and threat verified
REC-0264,DEV-0119,CASE-0486,False Positive,Dismissed; benign root cause confirmed
REC-0265,DEV-0043,CASE-0642,False Positive,Dismissed; benign root cause confirmed
REC-0266,DEV-0179,CASE-0075,False Positive,Dismissed; benign root cause confirmed
REC-0267,DEV-0042,CASE-0505,Recommendation Correct,Approved and threat verified
REC-0268,DEV-0126,CASE-0900,False Positive,Dismissed; benign root cause confirmed
REC-0269,DEV-0101,CASE-0540,False Positive,Dismissed; benign root cause confirmed
REC-0270,DEV-0128,CASE-0144,Recommendation Correct,Approved and threat verified
REC-0271,DEV-0018,CASE-0407,Recommendation Correct,Approved and threat verified
REC-0272,DEV-0076,CASE-0277,False Positive,Dismissed; benign root cause confirmed
REC-0273,DEV-0211,CASE-0314,False Positive,Dismissed; benign root cause confirmed
REC-0274,DEV-0096,CASE-0945,False Positive,Dismissed; benign root cause confirmed
REC-0275,DEV-0031,CASE-0668,Recommendation Correct,Approved and threat verified
REC-0276,DEV-0174,CASE-0644,Recommendation Correct,Approved and threat verified
REC-0277,DEV-0171,CASE-0956,Recommendation Correct,Approved and threat verified
REC-0278,DEV-0137,CASE-0103,Recommendation Correct,Approved and threat verified
REC-0279,DEV-0115,CASE-0601,False Positive,Dismissed; benign root cause confirmed
REC-0280,DEV-0200,CASE-0105,Recommendation Correct,Approved and threat verified
REC-0281,DEV-0038,CASE-0069,Recommendation Correct,Approved and threat verified
REC-0282,DEV-0099,CASE-0153,False Positive,Dismissed; benign root cause confirmed
REC-0283,DEV-0111,CASE-0035,Recommendation Correct,Approved and threat verified
REC-0284,DEV-0005,CASE-0106,False Positive,Dismissed; benign root cause confirmed
REC-0285,DEV-0158,CASE-0074,Recommendation Correct,Approved and threat verified
REC-0286,DEV-0216,CASE-0285,False Positive,Dismissed; benign root cause confirmed
REC-0287,DEV-0089,CASE-0280,Recommendation Incorrect,Overridden after investigation
REC-0288,DEV-0104,CASE-0817,Recommendation Correct,Approved and threat verified
REC-0289,DEV-0052,CASE-0666,Recommendation Correct,Approved and threat verified
REC-0290,DEV-0246,CASE-0932,Recommendation Correct,Approved and threat verified
REC-0291,DEV-0060,CASE-0312,False Negative,Escalated; incident response initiated
REC-0292,DEV-0206,CASE-0026,False Positive,Dismissed; benign root cause confirmed
REC-0293,DEV-0061,CASE-0945,Recommendation Correct,Approved and threat verified
REC-0294,DEV-0190,CASE-0293,Recommendation Correct,Approved and threat verified
REC-0295,DEV-0208,CASE-0053,False Positive,Dismissed; benign root cause confirmed
REC-0296,DEV-0006,CASE-0467,Recommendation Incorrect,Overridden after investigation
REC-0297,DEV-0196,CASE-0869,False Positive,Dismissed; benign root cause confirmed
REC-0298,DEV-0225,CASE-0002,Recommendation Correct,Approved and threat verified
REC-0299,DEV-0094,CASE-0212,Recommendation Incorrect,Overridden after investigation
REC-0300,DEV-0210,CASE-0529,Recommendation Correct,Approved and threat verified
REC-0301,DEV-0231,CASE-0519,Recommendation Correct,Approved and threat verified
REC-0302,DEV-0209,CASE-0912,Recommendation Correct,Approved and threat verified
REC-0303,DEV-0124,CASE-0403,False Negative,Escalated; incident response initiated
REC-0304,DEV-0063,CASE-0384,Recommendation Correct,Approved and threat verified
REC-0305,DEV-0038,CASE-0091,Recommendation Correct,Approved and threat verified
REC-0306,DEV-0137,CASE-0437,Recommendation Correct,Approved and threat verified
REC-0307,DEV-0194,CASE-0043,Recommendation Correct,Approved and threat verified
REC-0308,DEV-0047,CASE-0993,False Positive,Dismissed; benign root cause confirmed
REC-0309,DEV-0113,CASE-0876,Recommendation Incorrect,Overridden after investigation
REC-0310,DEV-0047,CASE-0862,False Positive,Dismissed; benign root cause confirmed
REC-0311,DEV-0096,CASE-0209,Recommendation Correct,Approved and threat verified
REC-0312,DEV-0084,CASE-0114,Recommendation Correct,Approved and threat verified
REC-0313,DEV-0217,CASE-0063,Recommendation Correct,Approved and threat verified
REC-0314,DEV-0081,CASE-0404,Recommendation Correct,Approved and threat verified
REC-0315,DEV-0099,CASE-0161,Recommendation Correct,Approved and threat verified
REC-0316,DEV-0212,CASE-0653,Recommendation Correct,Approved and threat verified
REC-0317,DEV-0084,CASE-0663,Recommendation Correct,Approved and threat verified
REC-0318,DEV-0171,CASE-0344,Recommendation Correct,Approved and threat verified
REC-0319,DEV-0137,CASE-0414,Recommendation Incorrect,Overridden after investigation
REC-0320,DEV-0220,CASE-0281,Recommendation Correct,Approved and threat verified
REC-0321,DEV-0117,CASE-0154,Recommendation Correct,Approved and threat verified
REC-0322,DEV-0233,CASE-0039,Recommendation Incorrect,Overridden after investigation
REC-0323,DEV-0208,CASE-0621,Recommendation Incorrect,Overridden after investigation
REC-0324,DEV-0074,CASE-0489,Recommendation Correct,Approved and threat verified
REC-0325,DEV-0071,CASE-0937,False Positive,Dismissed; benign root cause confirmed
REC-0326,DEV-0099,CASE-0172,Recommendation Correct,Approved and threat verified
REC-0327,DEV-0222,CASE-0405,Recommendation Correct,Approved and threat verified
REC-0328,DEV-0095,CASE-0554,False Positive,Dismissed; benign root cause confirmed
REC-0329,DEV-0002,CASE-0664,False Positive,Dismissed; benign root cause confirmed
REC-0330,DEV-0113,CASE-0385,Recommendation Correct,Approved and threat verified
REC-0331,DEV-0150,CASE-0566,Recommendation Correct,Approved and threat verified
REC-0332,DEV-0006,CASE-0383,Recommendation Correct,Approved and threat verified
REC-0333,DEV-0078,CASE-0554,Recommendation Correct,Approved and threat verified
REC-0334,DEV-0012,CASE-0281,False Positive,Dismissed; benign root cause confirmed
REC-0335,DEV-0059,CASE-0192,False Positive,Dismissed; benign root cause confirmed
REC-0336,DEV-0197,CASE-0808,Recommendation Correct,Approved and threat verified
REC-0337,DEV-0026,CASE-0392,False Positive,Dismissed; benign root cause confirmed
REC-0338,DEV-0033,CASE-0940,Recommendation Correct,Approved and threat verified
REC-0339,DEV-0188,CASE-0665,False Positive,Dismissed; benign root cause confirmed
REC-0340,DEV-0087,CASE-0517,Recommendation Correct,Approved and threat verified
REC-0341,DEV-0031,CASE-0637,Recommendation Correct,Approved and threat verified
REC-0342,DEV-0134,CASE-0087,Recommendation Correct,Approved and threat verified
REC-0343,DEV-0126,CASE-0165,Recommendation Correct,Approved and threat verified
REC-0344,DEV-0089,CASE-0297,Recommendation Correct,Approved and threat verified
REC-0345,DEV-0004,CASE-0343,Recommendation Correct,Approved and threat verified
REC-0346,DEV-0170,CASE-0461,Recommendation Incorrect,Overridden after investigation
REC-0347,DEV-0037,CASE-0537,Recommendation Correct,Approved and threat verified
REC-0348,DEV-0178,CASE-0381,Recommendation Correct,Approved and threat verified
REC-0349,DEV-0188,CASE-0648,False Positive,Dismissed; benign root cause confirmed
REC-0350,DEV-0217,CASE-0681,Recommendation Correct,Approved and threat verified
REC-0351,DEV-0152,CASE-0918,False Positive,Dismissed; benign root cause confirmed
REC-0352,DEV-0021,CASE-0717,Recommendation Correct,Approved and threat verified
REC-0353,DEV-0246,CASE-0033,False Negative,Escalated; incident response initiated
REC-0354,DEV-0133,CASE-0139,Recommendation Correct,Approved and threat verified
REC-0355,DEV-0027,CASE-0127,Recommendation Correct,Approved and threat verified
REC-0356,DEV-0190,CASE-0044,Recommendation Correct,Approved and threat verified
REC-0357,DEV-0094,CASE-0244,Recommendation Correct,Approved and threat verified
REC-0358,DEV-0226,CASE-0712,Recommendation Correct,Approved and threat verified
REC-0359,DEV-0214,CASE-0757,Recommendation Correct,Approved and threat verified
REC-0360,DEV-0161,CASE-0485,False Positive,Dismissed; benign root cause confirmed
REC-0361,DEV-0039,CASE-0513,False Negative,Escalated; incident response initiated
REC-0362,DEV-0068,CASE-0932,Recommendation Incorrect,Overridden after investigation
REC-0363,DEV-0128,CASE-0770,Recommendation Correct,Approved and threat verified
REC-0364,DEV-0031,CASE-0852,Recommendation Correct,Approved and threat verified
REC-0365,DEV-0052,CASE-0937,Recommendation Correct,Approved and threat verified
REC-0366,DEV-0121,CASE-0627,Recommendation Correct,Approved and threat verified
REC-0367,DEV-0070,CASE-0102,Recommendation Correct,Approved and threat verified
REC-0368,DEV-0109,CASE-0513,Recommendation Correct,Approved and threat verified
REC-0369,DEV-0097,CASE-0430,False Positive,Dismissed; benign root cause confirmed
REC-0370,DEV-0228,CASE-0657,Recommendation Correct,Approved and threat verified
REC-0371,DEV-0238,CASE-0055,False Negative,Escalated; incident response initiated
REC-0372,DEV-0041,CASE-0650,False Positive,Dismissed; benign root cause confirmed
REC-0373,DEV-0146,CASE-0065,Recommendation Correct,Approved and threat verified
REC-0374,DEV-0107,CASE-0263,Recommendation Correct,Approved and threat verified
REC-0375,DEV-0194,CASE-0178,False Negative,Escalated; incident response initiated
REC-0376,DEV-0152,CASE-0148,Recommendation Correct,Approved and threat verified
REC-0377,DEV-0090,CASE-0836,Recommendation Correct,Approved and threat verified
REC-0378,DEV-0013,CASE-0662,Recommendation Correct,Approved and threat verified
REC-0379,DEV-0084,CASE-0513,False Positive,Dismissed; benign root cause confirmed
REC-0380,DEV-0018,CASE-0972,Recommendation Incorrect,Overridden after investigation
REC-0381,DEV-0192,CASE-0269,Recommendation Correct,Approved and threat verified
REC-0382,DEV-0119,CASE-0105,Recommendation Correct,Approved and threat verified
REC-0383,DEV-0082,CASE-0929,Recommendation Correct,Approved and threat verified
REC-0384,DEV-0228,CASE-0407,Recommendation Correct,Approved and threat verified
REC-0385,DEV-0137,CASE-0794,False Negative,Escalated; incident response initiated
REC-0386,DEV-0085,CASE-0675,False Positive,Dismissed; benign root cause confirmed
REC-0387,DEV-0226,CASE-0612,Recommendation Correct,Approved and threat verified
REC-0388,DEV-0110,CASE-0257,Recommendation Correct,Approved and threat verified
REC-0389,DEV-0042,CASE-0791,False Positive,Dismissed; benign root cause confirmed
REC-0390,DEV-0003,CASE-0662,False Positive,Dismissed; benign root cause confirmed
REC-0391,DEV-0151,CASE-0641,Recommendation Correct,Approved and threat verified
REC-0392,DEV-0240,CASE-0915,Recommendation Correct,Approved and threat verified
REC-0393,DEV-0222,CASE-0304,False Positive,Dismissed; benign root cause confirmed
REC-0394,DEV-0226,CASE-0436,Recommendation Correct,Approved and threat verified
REC-0395,DEV-0121,CASE-0818,False Negative,Escalated; incident response initiated
REC-0396,DEV-0009,CASE-0960,Recommendation Incorrect,Overridden after investigation
REC-0397,DEV-0098,CASE-0915,Recommendation Correct,Approved and threat verified
REC-0398,DEV-0201,CASE-0319,False Positive,Dismissed; benign root cause confirmed
REC-0399,DEV-0027,CASE-0476,False Positive,Dismissed; benign root cause confirmed
REC-0400,DEV-0084,CASE-0304,Recommendation Incorrect,Overridden after investigation
REC-0401,DEV-0109,CASE-0917,Recommendation Correct,Approved and threat verified
REC-0402,DEV-0128,CASE-0036,Recommendation Correct,Approved and threat verified
REC-0403,DEV-0147,CASE-0593,Recommendation Correct,Approved and threat verified
REC-0404,DEV-0238,CASE-0716,False Positive,Dismissed; benign root cause confirmed
REC-0405,DEV-0021,CASE-0231,Recommendation Correct,Approved and threat verified
REC-0406,DEV-0019,CASE-0701,Recommendation Incorrect,Overridden after investigation
REC-0407,DEV-0081,CASE-0820,Recommendation Correct,Approved and threat verified
REC-0408,DEV-0211,CASE-0574,False Positive,Dismissed; benign root cause confirmed
REC-0409,DEV-0065,CASE-0080,False Negative,Escalated; incident response initiated
REC-0410,DEV-0072,CASE-0932,Recommendation Correct,Approved and threat verified
REC-0411,DEV-0004,CASE-0766,False Positive,Dismissed; benign root cause confirmed
REC-0412,DEV-0106,CASE-0029,False Positive,Dismissed; benign root cause confirmed
REC-0413,DEV-0198,CASE-0237,Recommendation Correct,Approved and threat verified
REC-0414,DEV-0076,CASE-0799,Recommendation Correct,Approved and threat verified
REC-0415,DEV-0187,CASE-0439,Recommendation Incorrect,Overridden after investigation
REC-0416,DEV-0249,CASE-0977,Recommendation Correct,Approved and threat verified
REC-0417,DEV-0237,CASE-0916,Recommendation Correct,Approved and threat verified
REC-0418,DEV-0067,CASE-0643,Recommendation Correct,Approved and threat verified
REC-0419,DEV-0125,CASE-0018,False Negative,Escalated; incident response initiated
REC-0420,DEV-0231,CASE-0723,Recommendation Incorrect,Overridden after investigation
REC-0421,DEV-0002,CASE-0380,Recommendation Incorrect,Overridden after investigation
REC-0422,DEV-0053,CASE-0852,Recommendation Correct,Approved and threat verified
REC-0423,DEV-0029,CASE-0851,Recommendation Correct,Approved and threat verified
REC-0424,DEV-0159,CASE-0614,Recommendation Correct,Approved and threat verified
REC-0425,DEV-0010,CASE-0492,Recommendation Correct,Approved and threat verified
REC-0426,DEV-0123,CASE-0493,False Positive,Dismissed; benign root cause confirmed
REC-0427,DEV-0217,CASE-0485,False Positive,Dismissed; benign root cause confirmed
REC-0428,DEV-0094,CASE-0877,Recommendation Correct,Approved and threat verified
REC-0429,DEV-0179,CASE-0140,Recommendation Correct,Approved and threat verified
REC-0430,DEV-0180,CASE-0576,Recommendation Correct,Approved and threat verified
REC-0431,DEV-0117,CASE-0389,Recommendation Correct,Approved and threat verified
REC-0432,DEV-0059,CASE-0132,False Positive,Dismissed; benign root cause confirmed
REC-0433,DEV-0234,CASE-0904,False Positive,Dismissed; benign root cause confirmed
REC-0434,DEV-0032,CASE-0686,Recommendation Correct,Approved and threat verified
REC-0435,DEV-0100,CASE-0987,False Positive,Dismissed; benign root cause confirmed
REC-0436,DEV-0159,CASE-0290,Recommendation Correct,Approved and threat verified
REC-0437,DEV-0132,CASE-0789,Recommendation Incorrect,Overridden after investigation
REC-0438,DEV-0009,CASE-0044,Recommendation Incorrect,Overridden after investigation
REC-0439,DEV-0106,CASE-0937,False Negative,Escalated; incident response initiated
REC-0440,DEV-0044,CASE-0646,False Positive,Dismissed; benign root cause confirmed
REC-0441,DEV-0068,CASE-0690,Recommendation Correct,Approved and threat verified
REC-0442,DEV-0106,CASE-0692,Recommendation Correct,Approved and threat verified
REC-0443,DEV-0049,CASE-0769,Recommendation Correct,Approved and threat verified
REC-0444,DEV-0008,CASE-0362,Recommendation Incorrect,Overridden after investigation
REC-0445,DEV-0188,CASE-0468,Recommendation Correct,Approved and threat verified
REC-0446,DEV-0022,CASE-0981,Recommendation Correct,Approved and threat verified
REC-0447,DEV-0046,CASE-0667,Recommendation Correct,Approved and threat verified
REC-0448,DEV-0022,CASE-0612,False Negative,Escalated; incident response initiated
REC-0449,DEV-0186,CASE-0110,False Negative,Escalated; incident response initiated
REC-0450,DEV-0139,CASE-0260,False Positive,Dismissed; benign root cause confirmed
REC-0451,DEV-0247,CASE-0907,Recommendation Correct,Approved and threat verified
REC-0452,DEV-0029,CASE-0032,Recommendation Correct,Approved and threat verified
REC-0453,DEV-0247,CASE-0811,Recommendation Correct,Approved and threat verified
REC-0454,DEV-0099,CASE-0104,Recommendation Correct,Approved and threat verified
REC-0455,DEV-0103,CASE-0201,False Positive,Dismissed; benign root cause confirmed
REC-0456,DEV-0051,CASE-0743,Recommendation Correct,Approved and threat verified
REC-0457,DEV-0212,CASE-0597,False Negative,Escalated; incident response initiated
REC-0458,DEV-0232,CASE-0688,Recommendation Correct,Approved and threat verified
REC-0459,DEV-0004,CASE-0935,False Positive,Dismissed; benign root cause confirmed
REC-0460,DEV-0142,CASE-0788,False Positive,Dismissed; benign root cause confirmed
REC-0461,DEV-0219,CASE-0117,Recommendation Correct,Approved and threat verified
REC-0462,DEV-0241,CASE-0146,False Negative,Escalated; incident response initiated
REC-0463,DEV-0001,CASE-0617,False Positive,Dismissed; benign root cause confirmed
REC-0464,DEV-0240,CASE-0868,Recommendation Correct,Approved and threat verified
REC-0465,DEV-0053,CASE-0986,Recommendation Correct,Approved and threat verified
REC-0466,DEV-0108,CASE-0203,Recommendation Incorrect,Overridden after investigation
REC-0467,DEV-0118,CASE-0248,Recommendation Correct,Approved and threat verified
REC-0468,DEV-0086,CASE-0396,Recommendation Correct,Approved and threat verified
REC-0469,DEV-0095,CASE-0795,Recommendation Correct,Approved and threat verified
REC-0470,DEV-0238,CASE-0241,Recommendation Correct,Approved and threat verified
REC-0471,DEV-0107,CASE-0229,Recommendation Correct,Approved and threat verified
REC-0472,DEV-0200,CASE-0931,Recommendation Correct,Approved and threat verified
REC-0473,DEV-0242,CASE-0672,Recommendation Correct,Approved and threat verified
REC-0474,DEV-0151,CASE-0129,False Positive,Dismissed; benign root cause confirmed
REC-0475,DEV-0068,CASE-0561,False Positive,Dismissed; benign root cause confirmed
REC-0476,DEV-0006,CASE-0327,Recommendation Correct,Approved and threat verified
REC-0477,DEV-0236,CASE-0912,False Negative,Escalated; incident response initiated
REC-0478,DEV-0207,CASE-0429,Recommendation Correct,Approved and threat verified
REC-0479,DEV-0038,CASE-0791,False Negative,Escalated; incident response initiated
REC-0480,DEV-0186,CASE-0721,Recommendation Correct,Approved and threat verified
REC-0481,DEV-0153,CASE-0106,Recommendation Correct,Approved and threat verified
REC-0482,DEV-0077,CASE-0247,Recommendation Correct,Approved and threat verified
REC-0483,DEV-0240,CASE-0089,Recommendation Correct,Approved and threat verified
REC-0484,DEV-0223,CASE-0049,False Positive,Dismissed; benign root cause confirmed
REC-0485,DEV-0156,CASE-0979,False Positive,Dismissed; benign root cause confirmed
REC-0486,DEV-0204,CASE-0143,False Positive,Dismissed; benign root cause confirmed
REC-0487,DEV-0166,CASE-0463,Recommendation Correct,Approved and threat verified
REC-0488,DEV-0122,CASE-0005,Recommendation Correct,Approved and threat verified
REC-0489,DEV-0148,CASE-0029,Recommendation Incorrect,Overridden after investigation
REC-0490,DEV-0123,CASE-0837,Recommendation Correct,Approved and threat verified
REC-0491,DEV-0128,CASE-0525,Recommendation Correct,Approved and threat verified
REC-0492,DEV-0175,CASE-0943,Recommendation Incorrect,Overridden after investigation
REC-0493,DEV-0177,CASE-0080,Recommendation Correct,Approved and threat verified
REC-0494,DEV-0122,CASE-0660,Recommendation Correct,Approved and threat verified
REC-0495,DEV-0075,CASE-0518,Recommendation Incorrect,Overridden after investigation
REC-0496,DEV-0172,CASE-0649,Recommendation Correct,Approved and threat verified
REC-0497,DEV-0019,CASE-0289,False Positive,Dismissed; benign root cause confirmed
REC-0498,DEV-0052,CASE-0838,Recommendation Incorrect,Overridden after investigation
REC-0499,DEV-0006,CASE-0670,Recommendation Correct,Approved and threat verified
REC-0500,DEV-0220,CASE-0449,Recommendation Incorrect,Overridden after investigation
REC-0501,DEV-0067,CASE-0342,Recommendation Incorrect,Overridden after investigation
REC-0502,DEV-0203,CASE-0952,Recommendation Correct,Approved and threat verified
REC-0503,DEV-0178,CASE-0206,Recommendation Correct,Approved and threat verified
REC-0504,DEV-0011,CASE-0676,False Negative,Escalated; incident response initiated
REC-0505,DEV-0130,CASE-0322,Recommendation Incorrect,Overridden after investigation
REC-0506,DEV-0104,CASE-0487,Recommendation Correct,Approved and threat verified
REC-0507,DEV-0127,CASE-0726,Recommendation Correct,Approved and threat verified
REC-0508,DEV-0080,CASE-0276,Recommendation Incorrect,Overridden after investigation
REC-0509,DEV-0234,CASE-0722,Recommendation Incorrect,Overridden after investigation
REC-0510,DEV-0034,CASE-0097,False Positive,Dismissed; benign root cause confirmed
REC-0511,DEV-0211,CASE-0365,False Negative,Escalated; incident response initiated
REC-0512,DEV-0030,CASE-0618,Recommendation Incorrect,Overridden after investigation
REC-0513,DEV-0035,CASE-0318,Recommendation Incorrect,Overridden after investigation
REC-0514,DEV-0119,CASE-0457,Recommendation Correct,Approved and threat verified
REC-0515,DEV-0048,CASE-0323,Recommendation Correct,Approved and threat verified
REC-0516,DEV-0015,CASE-0803,Recommendation Correct,Approved and threat verified
REC-0517,DEV-0223,CASE-0679,Recommendation Correct,Approved and threat verified
REC-0518,DEV-0178,CASE-0014,Recommendation Incorrect,Overridden after investigation
REC-0519,DEV-0074,CASE-0155,Recommendation Correct,Approved and threat verified
REC-0520,DEV-0239,CASE-0043,False Positive,Dismissed; benign root cause confirmed
REC-0521,DEV-0078,CASE-0621,Recommendation Correct,Approved and threat verified
REC-0522,DEV-0022,CASE-0465,False Negative,Escalated; incident response initiated
REC-0523,DEV-0182,CASE-0234,Recommendation Correct,Approved and threat verified
REC-0524,DEV-0075,CASE-0351,Recommendation Correct,Approved and threat verified
REC-0525,DEV-0186,CASE-0028,Recommendation Correct,Approved and threat verified
REC-0526,DEV-0094,CASE-0598,Recommendation Correct,Approved and threat verified
REC-0527,DEV-0139,CASE-0950,False Positive,Dismissed; benign root cause confirmed
REC-0528,DEV-0028,CASE-0876,Recommendation Correct,Approved and threat verified
REC-0529,DEV-0008,CASE-0211,False Positive,Dismissed; benign root cause confirmed
REC-0530,DEV-0206,CASE-0445,Recommendation Correct,Approved and threat verified
REC-0531,DEV-0150,CASE-0697,False Positive,Dismissed; benign root cause confirmed
REC-0532,DEV-0131,CASE-0066,False Negative,Escalated; incident response initiated
REC-0533,DEV-0227,CASE-0828,Recommendation Incorrect,Overridden after investigation
REC-0534,DEV-0051,CASE-0228,False Negative,Escalated; incident response initiated
REC-0535,DEV-0100,CASE-0101,False Positive,Dismissed; benign root cause confirmed
REC-0536,DEV-0190,CASE-0139,Recommendation Correct,Approved and threat verified
REC-0537,DEV-0014,CASE-0131,Recommendation Correct,Approved and threat verified
REC-0538,DEV-0068,CASE-0480,Recommendation Incorrect,Overridden after investigation
REC-0539,DEV-0152,CASE-0917,Recommendation Correct,Approved and threat verified
REC-0540,DEV-0104,CASE-0720,False Positive,Dismissed; benign root cause confirmed
REC-0541,DEV-0101,CASE-0769,False Negative,Escalated; incident response initiated
REC-0542,DEV-0242,CASE-0625,False Negative,Escalated; incident response initiated
REC-0543,DEV-0095,CASE-0601,Recommendation Correct,Approved and threat verified
REC-0544,DEV-0134,CASE-0506,Recommendation Correct,Approved and threat verified
REC-0545,DEV-0149,CASE-0815,Recommendation Correct,Approved and threat verified
REC-0546,DEV-0074,CASE-0206,Recommendation Correct,Approved and threat verified
REC-0547,DEV-0165,CASE-0259,Recommendation Correct,Approved and threat verified
REC-0548,DEV-0048,CASE-0225,False Negative,Escalated; incident response initiated
REC-0549,DEV-0221,CASE-0928,Recommendation Correct,Approved and threat verified
REC-0550,DEV-0002,CASE-0816,Recommendation Incorrect,Overridden after investigation
REC-0551,DEV-0062,CASE-0573,Recommendation Correct,Approved and threat verified
REC-0552,DEV-0186,CASE-0913,False Positive,Dismissed; benign root cause confirmed
REC-0553,DEV-0220,CASE-0447,Recommendation Correct,Approved and threat verified
REC-0554,DEV-0049,CASE-0783,Recommendation Correct,Approved and threat verified
REC-0555,DEV-0209,CASE-0944,Recommendation Correct,Approved and threat verified
REC-0556,DEV-0126,CASE-0637,Recommendation Incorrect,Overridden after investigation
REC-0557,DEV-0061,CASE-0119,False Negative,Escalated; incident response initiated
REC-0558,DEV-0117,CASE-0245,False Positive,Dismissed; benign root cause confirmed
REC-0559,DEV-0248,CASE-0524,False Positive,Dismissed; benign root cause confirmed
REC-0560,DEV-0126,CASE-0748,Recommendation Correct,Approved and threat verified
REC-0561,DEV-0242,CASE-0450,Recommendation Correct,Approved and threat verified
REC-0562,DEV-0107,CASE-0954,False Positive,Dismissed; benign root cause confirmed
REC-0563,DEV-0055,CASE-0361,Recommendation Correct,Approved and threat verified
REC-0564,DEV-0181,CASE-0380,False Positive,Dismissed; benign root cause confirmed
REC-0565,DEV-0211,CASE-0892,False Positive,Dismissed; benign root cause confirmed
REC-0566,DEV-0229,CASE-0157,Recommendation Correct,Approved and threat verified
REC-0567,DEV-0078,CASE-0980,Recommendation Incorrect,Overridden after investigation
REC-0568,DEV-0138,CASE-0709,Recommendation Correct,Approved and threat verified
REC-0569,DEV-0061,CASE-0470,Recommendation Correct,Approved and threat verified
REC-0570,DEV-0161,CASE-0079,Recommendation Correct,Approved and threat verified
REC-0571,DEV-0031,CASE-0796,Recommendation Correct,Approved and threat verified
REC-0572,DEV-0130,CASE-0978,Recommendation Correct,Approved and threat verified
REC-0573,DEV-0017,CASE-0343,False Positive,Dismissed; benign root cause confirmed
REC-0574,DEV-0224,CASE-0052,False Negative,Escalated; incident response initiated
REC-0575,DEV-0080,CASE-0894,False Negative,Escalated; incident response initiated
REC-0576,DEV-0204,CASE-0908,False Positive,Dismissed; benign root cause confirmed
REC-0577,DEV-0111,CASE-0967,False Negative,Escalated; incident response initiated
REC-0578,DEV-0144,CASE-0459,False Positive,Dismissed; benign root cause confirmed
REC-0579,DEV-0029,CASE-0204,Recommendation Correct,Approved and threat verified
REC-0580,DEV-0041,CASE-0021,Recommendation Correct,Approved and threat verified
REC-0581,DEV-0059,CASE-0563,Recommendation Incorrect,Overridden after investigation
REC-0582,DEV-0010,CASE-0778,False Positive,Dismissed; benign root cause confirmed
REC-0583,DEV-0215,CASE-0292,Recommendation Correct,Approved and threat verified
REC-0584,DEV-0003,CASE-0785,Recommendation Correct,Approved and threat verified
REC-0585,DEV-0054,CASE-0985,Recommendation Correct,Approved and threat verified
REC-0586,DEV-0077,CASE-0993,Recommendation Correct,Approved and threat verified
REC-0587,DEV-0090,CASE-0961,Recommendation Correct,Approved and threat verified
REC-0588,DEV-0116,CASE-0469,False Negative,Escalated; incident response initiated
REC-0589,DEV-0070,CASE-0983,False Positive,Dismissed; benign root cause confirmed
REC-0590,DEV-0065,CASE-0737,False Negative,Escalated; incident response initiated
REC-0591,DEV-0175,CASE-0582,False Positive,Dismissed; benign root cause confirmed
REC-0592,DEV-0070,CASE-0522,Recommendation Correct,Approved and threat verified
REC-0593,DEV-0121,CASE-0013,False Positive,Dismissed; benign root cause confirmed
REC-0594,DEV-0071,CASE-0826,Recommendation Correct,Approved and threat verified
REC-0595,DEV-0175,CASE-0596,Recommendation Correct,Approved and threat verified
REC-0596,DEV-0045,CASE-0656,Recommendation Correct,Approved and threat verified
REC-0597,DEV-0172,CASE-0431,Recommendation Correct,Approved and threat verified
REC-0598,DEV-0150,CASE-0158,Recommendation Correct,Approved and threat verified
REC-0599,DEV-0112,CASE-0491,False Positive,Dismissed; benign root cause confirmed
REC-0600,DEV-0083,CASE-0536,Recommendation Incorrect,Overridden after investigation
REC-0601,DEV-0001,CASE-0717,False Positive,Dismissed; benign root cause confirmed
REC-0602,DEV-0245,CASE-0613,False Negative,Escalated; incident response initiated
REC-0603,DEV-0177,CASE-0472,Recommendation Correct,Approved and threat verified
REC-0604,DEV-0222,CASE-0096,False Negative,Escalated; incident response initiated
REC-0605,DEV-0158,CASE-0608,False Positive,Dismissed; benign root cause confirmed
REC-0606,DEV-0191,CASE-0258,Recommendation Correct,Approved and threat verified
REC-0607,DEV-0158,CASE-0300,False Positive,Dismissed; benign root cause confirmed
REC-0608,DEV-0236,CASE-0689,False Positive,Dismissed; benign root cause confirmed
REC-0609,DEV-0162,CASE-0110,Recommendation Correct,Approved and threat verified
REC-0610,DEV-0012,CASE-0129,False Positive,Dismissed; benign root cause confirmed
REC-0611,DEV-0077,CASE-0137,Recommendation Correct,Approved and threat verified
REC-0612,DEV-0187,CASE-0649,Recommendation Correct,Approved and threat verified
REC-0613,DEV-0042,CASE-0980,Recommendation Correct,Approved and threat verified
REC-0614,DEV-0154,CASE-0643,Recommendation Correct,Approved and threat verified
REC-0615,DEV-0250,CASE-0151,Recommendation Correct,Approved and threat verified
REC-0616,DEV-0054,CASE-0110,Recommendation Correct,Approved and threat verified
REC-0617,DEV-0230,CASE-0275,Recommendation Correct,Approved and threat verified
REC-0618,DEV-0062,CASE-0050,Recommendation Correct,Approved and threat verified
REC-0619,DEV-0164,CASE-0226,Recommendation Correct,Approved and threat verified
REC-0620,DEV-0065,CASE-0155,Recommendation Incorrect,Overridden after investigation
REC-0621,DEV-0056,CASE-0480,False Positive,Dismissed; benign root cause confirmed
REC-0622,DEV-0160,CASE-0808,Recommendation Correct,Approved and threat verified
REC-0623,DEV-0056,CASE-0274,Recommendation Correct,Approved and threat verified
REC-0624,DEV-0015,CASE-0167,False Negative,Escalated; incident response initiated
REC-0625,DEV-0132,CASE-0903,False Positive,Dismissed; benign root cause confirmed
REC-0626,DEV-0122,CASE-0898,Recommendation Incorrect,Overridden after investigation
REC-0627,DEV-0204,CASE-0462,Recommendation Correct,Approved and threat verified
REC-0628,DEV-0237,CASE-0452,Recommendation Incorrect,Overridden after investigation
REC-0629,DEV-0164,CASE-0631,False Positive,Dismissed; benign root cause confirmed
REC-0630,DEV-0044,CASE-0697,Recommendation Correct,Approved and threat verified
REC-0631,DEV-0236,CASE-0389,Recommendation Correct,Approved and threat verified
REC-0632,DEV-0245,CASE-0286,False Positive,Dismissed; benign root cause confirmed
REC-0633,DEV-0112,CASE-0947,Recommendation Correct,Approved and threat verified
REC-0634,DEV-0157,CASE-0938,Recommendation Incorrect,Overridden after investigation
REC-0635,DEV-0221,CASE-0990,Recommendation Incorrect,Overridden after investigation
REC-0636,DEV-0177,CASE-0713,Recommendation Correct,Approved and threat verified
REC-0637,DEV-0102,CASE-0844,Recommendation Correct,Approved and threat verified
REC-0638,DEV-0187,CASE-0394,False Negative,Escalated; incident response initiated
REC-0639,DEV-0111,CASE-0013,Recommendation Correct,Approved and threat verified
REC-0640,DEV-0228,CASE-0445,Recommendation Correct,Approved and threat verified
REC-0641,DEV-0207,CASE-0021,Recommendation Correct,Approved and threat verified
REC-0642,DEV-0247,CASE-0326,Recommendation Correct,Approved and threat verified
REC-0643,DEV-0097,CASE-0657,Recommendation Correct,Approved and threat verified
REC-0644,DEV-0116,CASE-0653,False Positive,Dismissed; benign root cause confirmed
REC-0645,DEV-0208,CASE-0780,Recommendation Correct,Approved and threat verified
REC-0646,DEV-0125,CASE-0640,Recommendation Correct,Approved and threat verified
REC-0647,DEV-0159,CASE-0961,Recommendation Correct,Approved and threat verified
REC-0648,DEV-0148,CASE-0180,False Negative,Escalated; incident response initiated
REC-0649,DEV-0021,CASE-0527,Recommendation Correct,Approved and threat verified
REC-0650,DEV-0133,CASE-0577,False Positive,Dismissed; benign root cause confirmed
REC-0651,DEV-0212,CASE-0021,False Positive,Dismissed; benign root cause confirmed
REC-0652,DEV-0102,CASE-0487,Recommendation Correct,Approved and threat verified
REC-0653,DEV-0150,CASE-0272,Recommendation Correct,Approved and threat verified
REC-0654,DEV-0029,CASE-0672,Recommendation Incorrect,Overridden after investigation
REC-0655,DEV-0221,CASE-0108,Recommendation Correct,Approved and threat verified
REC-0656,DEV-0241,CASE-0152,Recommendation Correct,Approved and threat verified
REC-0657,DEV-0192,CASE-0079,Recommendation Correct,Approved and threat verified
REC-0658,DEV-0211,CASE-0169,Recommendation Incorrect,Overridden after investigation
REC-0659,DEV-0077,CASE-0387,Recommendation Correct,Approved and threat verified
REC-0660,DEV-0130,CASE-0300,Recommendation Incorrect,Overridden after investigation
REC-0661,DEV-0205,CASE-0158,False Positive,Dismissed; benign root cause confirmed
REC-0662,DEV-0081,CASE-0227,Recommendation Correct,Approved and threat verified
REC-0663,DEV-0078,CASE-0973,Recommendation Correct,Approved and threat verified
REC-0664,DEV-0069,CASE-0538,Recommendation Incorrect,Overridden after investigation
REC-0665,DEV-0092,CASE-0638,Recommendation Correct,Approved and threat verified
REC-0666,DEV-0090,CASE-0540,Recommendation Correct,Approved and threat verified
REC-0667,DEV-0227,CASE-0982,Recommendation Correct,Approved and threat verified
REC-0668,DEV-0232,CASE-0703,Recommendation Correct,Approved and threat verified
REC-0669,DEV-0033,CASE-0484,False Positive,Dismissed; benign root cause confirmed
REC-0670,DEV-0045,CASE-0052,False Positive,Dismissed; benign root cause confirmed
REC-0671,DEV-0162,CASE-0774,Recommendation Correct,Approved and threat verified
REC-0672,DEV-0145,CASE-0929,Recommendation Correct,Approved and threat verified
REC-0673,DEV-0203,CASE-0080,Recommendation Correct,Approved and threat verified
REC-0674,DEV-0095,CASE-0619,False Negative,Escalated; incident response initiated
REC-0675,DEV-0219,CASE-0717,Recommendation Correct,Approved and threat verified
REC-0676,DEV-0123,CASE-0480,Recommendation Correct,Approved and threat verified
REC-0677,DEV-0224,CASE-0477,Recommendation Correct,Approved and threat verified
REC-0678,DEV-0126,CASE-0278,False Positive,Dismissed; benign root cause confirmed
REC-0679,DEV-0057,CASE-0638,False Positive,Dismissed; benign root cause confirmed
REC-0680,DEV-0226,CASE-0276,Recommendation Correct,Approved and threat verified
REC-0681,DEV-0068,CASE-0344,Recommendation Correct,Approved and threat verified
REC-0682,DEV-0172,CASE-0712,Recommendation Correct,Approved and threat verified
REC-0683,DEV-0242,CASE-0462,False Positive,Dismissed; benign root cause confirmed
REC-0684,DEV-0013,CASE-0709,Recommendation Correct,Approved and threat verified
REC-0685,DEV-0178,CASE-0143,Recommendation Correct,Approved and threat verified
REC-0686,DEV-0018,CASE-0353,False Positive,Dismissed; benign root cause confirmed
REC-0687,DEV-0096,CASE-0468,Recommendation Correct,Approved and threat verified
REC-0688,DEV-0009,CASE-0877,False Positive,Dismissed; benign root cause confirmed
REC-0689,DEV-0047,CASE-0919,False Positive,Dismissed; benign root cause confirmed
REC-0690,DEV-0057,CASE-0058,False Positive,Dismissed; benign root cause confirmed
REC-0691,DEV-0247,CASE-0878,False Positive,Dismissed; benign root cause confirmed
REC-0692,DEV-0173,CASE-0461,Recommendation Correct,Approved and threat verified
REC-0693,DEV-0156,CASE-0735,Recommendation Incorrect,Overridden after investigation
REC-0694,DEV-0066,CASE-0269,Recommendation Correct,Approved and threat verified
REC-0695,DEV-0017,CASE-0323,Recommendation Correct,Approved and threat verified
REC-0696,DEV-0165,CASE-0693,Recommendation Incorrect,Overridden after investigation
REC-0697,DEV-0069,CASE-0089,Recommendation Correct,Approved and threat verified
REC-0698,DEV-0225,CASE-0005,Recommendation Correct,Approved and threat verified
REC-0699,DEV-0233,CASE-0204,Recommendation Correct,Approved and threat verified
REC-0700,DEV-0164,CASE-0471,Recommendation Correct,Approved and threat verified
REC-0701,DEV-0134,CASE-0702,Recommendation Correct,Approved and threat verified
REC-0702,DEV-0014,CASE-0556,Recommendation Correct,Approved and threat verified
REC-0703,DEV-0187,CASE-0198,Recommendation Correct,Approved and threat verified
REC-0704,DEV-0228,CASE-0030,False Positive,Dismissed; benign root cause confirmed
REC-0705,DEV-0174,CASE-0063,Recommendation Correct,Approved and threat verified
REC-0706,DEV-0096,CASE-0832,False Positive,Dismissed; benign root cause confirmed
REC-0707,DEV-0027,CASE-0308,Recommendation Incorrect,Overridden after investigation
REC-0708,DEV-0128,CASE-0466,False Negative,Escalated; incident response initiated
REC-0709,DEV-0057,CASE-0107,False Positive,Dismissed; benign root cause confirmed
REC-0710,DEV-0042,CASE-0301,Recommendation Correct,Approved and threat verified
REC-0711,DEV-0207,CASE-0077,Recommendation Correct,Approved and threat verified
REC-0712,DEV-0242,CASE-0814,Recommendation Correct,Approved and threat verified
REC-0713,DEV-0156,CASE-0708,Recommendation Incorrect,Overridden after investigation
REC-0714,DEV-0029,CASE-0600,False Positive,Dismissed; benign root cause confirmed
REC-0715,DEV-0059,CASE-0585,Recommendation Correct,Approved and threat verified
REC-0716,DEV-0078,CASE-0867,Recommendation Correct,Approved and threat verified
REC-0717,DEV-0060,CASE-0384,Recommendation Correct,Approved and threat verified
REC-0718,DEV-0004,CASE-0510,False Positive,Dismissed; benign root cause confirmed
REC-0719,DEV-0122,CASE-0578,False Positive,Dismissed; benign root cause confirmed
REC-0720,DEV-0045,CASE-0810,Recommendation Correct,Approved and threat verified
REC-0721,DEV-0110,CASE-0372,Recommendation Correct,Approved and threat verified
REC-0722,DEV-0029,CASE-0531,Recommendation Correct,Approved and threat verified
REC-0723,DEV-0215,CASE-0825,Recommendation Incorrect,Overridden after investigation
REC-0724,DEV-0191,CASE-0432,Recommendation Correct,Approved and threat verified
REC-0725,DEV-0178,CASE-0140,False Positive,Dismissed; benign root cause confirmed
REC-0726,DEV-0011,CASE-0824,Recommendation Correct,Approved and threat verified
REC-0727,DEV-0213,CASE-0261,False Negative,Escalated; incident response initiated
REC-0728,DEV-0062,CASE-0974,False Positive,Dismissed; benign root cause confirmed
REC-0729,DEV-0113,CASE-0579,Recommendation Correct,Approved and threat verified
REC-0730,DEV-0121,CASE-0972,Recommendation Correct,Approved and threat verified
REC-0731,DEV-0197,CASE-0203,Recommendation Correct,Approved and threat verified
REC-0732,DEV-0007,CASE-0955,Recommendation Correct,Approved and threat verified
REC-0733,DEV-0021,CASE-0080,Recommendation Correct,Approved and threat verified
REC-0734,DEV-0214,CASE-0623,Recommendation Correct,Approved and threat verified
REC-0735,DEV-0218,CASE-0645,Recommendation Correct,Approved and threat verified
REC-0736,DEV-0104,CASE-0189,Recommendation Correct,Approved and threat verified
REC-0737,DEV-0145,CASE-0103,Recommendation Correct,Approved and threat verified
REC-0738,DEV-0200,CASE-0916,False Positive,Dismissed; benign root cause confirmed
REC-0739,DEV-0229,CASE-0173,False Positive,Dismissed; benign root cause confirmed
REC-0740,DEV-0242,CASE-0999,Recommendation Correct,Approved and threat verified
REC-0741,DEV-0119,CASE-0191,Recommendation Correct,Approved and threat verified
REC-0742,DEV-0172,CASE-0225,Recommendation Correct,Approved and threat verified
REC-0743,DEV-0045,CASE-0954,Recommendation Incorrect,Overridden after investigation
REC-0744,DEV-0025,CASE-0548,Recommendation Correct,Approved and threat verified
REC-0745,DEV-0106,CASE-0093,Recommendation Correct,Approved and threat verified
REC-0746,DEV-0005,CASE-0183,Recommendation Correct,Approved and threat verified
REC-0747,DEV-0243,CASE-0699,Recommendation Correct,Approved and threat verified
REC-0748,DEV-0233,CASE-0409,Recommendation Correct,Approved and threat verified
REC-0749,DEV-0220,CASE-0333,False Positive,Dismissed; benign root cause confirmed
REC-0750,DEV-0063,CASE-0525,False Negative,Escalated; incident response initiated
REC-0751,DEV-0175,CASE-0954,Recommendation Correct,Approved and threat verified
REC-0752,DEV-0249,CASE-0748,Recommendation Correct,Approved and threat verified
REC-0753,DEV-0048,CASE-0626,Recommendation Correct,Approved and threat verified
REC-0754,DEV-0093,CASE-0680,Recommendation Correct,Approved and threat verified
REC-0755,DEV-0151,CASE-0718,Recommendation Correct,Approved and threat verified
REC-0756,DEV-0059,CASE-0610,Recommendation Incorrect,Overridden after investigation
REC-0757,DEV-0175,CASE-0889,False Positive,Dismissed; benign root cause confirmed
REC-0758,DEV-0155,CASE-0188,Recommendation Correct,Approved and threat verified
REC-0759,DEV-0139,CASE-0954,Recommendation Correct,Approved and threat verified
REC-0760,DEV-0224,CASE-0698,False Positive,Dismissed; benign root cause confirmed
REC-0761,DEV-0067,CASE-0592,False Positive,Dismissed; benign root cause confirmed
REC-0762,DEV-0152,CASE-0330,False Positive,Dismissed; benign root cause confirmed
REC-0763,DEV-0066,CASE-0377,Recommendation Correct,Approved and threat verified
REC-0764,DEV-0234,CASE-0426,Recommendation Correct,Approved and threat verified
REC-0765,DEV-0110,CASE-0174,Recommendation Correct,Approved and threat verified
REC-0766,DEV-0105,CASE-0021,False Negative,Escalated; incident response initiated
REC-0767,DEV-0220,CASE-0398,Recommendation Correct,Approved and threat verified
REC-0768,DEV-0184,CASE-0777,False Positive,Dismissed; benign root cause confirmed
REC-0769,DEV-0078,CASE-0763,Recommendation Correct,Approved and threat verified
REC-0770,DEV-0201,CASE-0855,Recommendation Incorrect,Overridden after investigation
REC-0771,DEV-0094,CASE-0272,Recommendation Correct,Approved and threat verified
REC-0772,DEV-0036,CASE-0587,Recommendation Correct,Approved and threat verified
REC-0773,DEV-0023,CASE-0871,Recommendation Correct,Approved and threat verified
REC-0774,DEV-0049,CASE-0929,Recommendation Correct,Approved and threat verified
REC-0775,DEV-0008,CASE-0176,Recommendation Correct,Approved and threat verified
REC-0776,DEV-0083,CASE-0274,False Positive,Dismissed; benign root cause confirmed
REC-0777,DEV-0013,CASE-0604,Recommendation Correct,Approved and threat verified
REC-0778,DEV-0016,CASE-0189,Recommendation Correct,Approved and threat verified
REC-0779,DEV-0219,CASE-0638,False Positive,Dismissed; benign root cause confirmed
REC-0780,DEV-0023,CASE-0097,False Positive,Dismissed; benign root cause confirmed
REC-0781,DEV-0195,CASE-0047,False Negative,Escalated; incident response initiated
REC-0782,DEV-0184,CASE-0975,Recommendation Correct,Approved and threat verified
REC-0783,DEV-0121,CASE-0254,False Positive,Dismissed; benign root cause confirmed
REC-0784,DEV-0094,CASE-0837,Recommendation Correct,Approved and threat verified
REC-0785,DEV-0131,CASE-0170,Recommendation Correct,Approved and threat verified
REC-0786,DEV-0028,CASE-0033,False Negative,Escalated; incident response initiated
REC-0787,DEV-0154,CASE-0257,Recommendation Correct,Approved and threat verified
REC-0788,DEV-0149,CASE-0113,Recommendation Correct,Approved and threat verified
REC-0789,DEV-0124,CASE-0342,Recommendation Correct,Approved and threat verified
REC-0790,DEV-0207,CASE-0787,Recommendation Correct,Approved and threat verified
REC-0791,DEV-0228,CASE-0851,Recommendation Correct,Approved and threat verified
REC-0792,DEV-0098,CASE-0321,Recommendation Correct,Approved and threat verified
REC-0793,DEV-0157,CASE-0355,Recommendation Correct,Approved and threat verified
REC-0794,DEV-0206,CASE-0811,Recommendation Correct,Approved and threat verified
REC-0795,DEV-0007,CASE-0720,False Positive,Dismissed; benign root cause confirmed
REC-0796,DEV-0101,CASE-0059,Recommendation Correct,Approved and threat verified
REC-0797,DEV-0117,CASE-0853,Recommendation Correct,Approved and threat verified
REC-0798,DEV-0028,CASE-0869,Recommendation Incorrect,Overridden after investigation
REC-0799,DEV-0104,CASE-0757,Recommendation Incorrect,Overridden after investigation
REC-0800,DEV-0058,CASE-0450,Recommendation Correct,Approved and threat verified
REC-0801,DEV-0034,CASE-0391,False Positive,Dismissed; benign root cause confirmed
REC-0802,DEV-0038,CASE-0114,False Positive,Dismissed; benign root cause confirmed
REC-0803,DEV-0045,CASE-0903,Recommendation Correct,Approved and threat verified
REC-0804,DEV-0244,CASE-0235,Recommendation Correct,Approved and threat verified
REC-0805,DEV-0063,CASE-0669,False Positive,Dismissed; benign root cause confirmed
REC-0806,DEV-0216,CASE-0831,Recommendation Correct,Approved and threat verified
REC-0807,DEV-0155,CASE-0397,Recommendation Correct,Approved and threat verified
REC-0808,DEV-0069,CASE-0563,False Negative,Escalated; incident response initiated
REC-0809,DEV-0245,CASE-0585,False Negative,Escalated; incident response initiated
REC-0810,DEV-0092,CASE-0622,Recommendation Correct,Approved and threat verified
REC-0811,DEV-0146,CASE-0009,Recommendation Incorrect,Overridden after investigation
REC-0812,DEV-0218,CASE-0832,Recommendation Incorrect,Overridden after investigation
REC-0813,DEV-0089,CASE-0534,Recommendation Incorrect,Overridden after investigation
REC-0814,DEV-0193,CASE-0682,Recommendation Correct,Approved and threat verified
REC-0815,DEV-0190,CASE-0832,Recommendation Correct,Approved and threat verified
REC-0816,DEV-0145,CASE-0382,Recommendation Correct,Approved and threat verified
REC-0817,DEV-0037,CASE-0504,Recommendation Incorrect,Overridden after investigation
REC-0818,DEV-0170,CASE-0344,False Positive,Dismissed; benign root cause confirmed
REC-0819,DEV-0073,CASE-0840,False Negative,Escalated; incident response initiated
REC-0820,DEV-0239,CASE-0849,False Positive,Dismissed; benign root cause confirmed
REC-0821,DEV-0020,CASE-0938,False Positive,Dismissed; benign root cause confirmed
REC-0822,DEV-0127,CASE-0501,Recommendation Correct,Approved and threat verified
REC-0823,DEV-0222,CASE-0193,False Positive,Dismissed; benign root cause confirmed
REC-0824,DEV-0113,CASE-0867,Recommendation Correct,Approved and threat verified
REC-0825,DEV-0076,CASE-0391,Recommendation Correct,Approved and threat verified
REC-0826,DEV-0051,CASE-0573,False Negative,Escalated; incident response initiated
REC-0827,DEV-0071,CASE-0675,False Positive,Dismissed; benign root cause confirmed
REC-0828,DEV-0075,CASE-0570,Recommendation Correct,Approved and threat verified
REC-0829,DEV-0236,CASE-0182,False Positive,Dismissed; benign root cause confirmed
REC-0830,DEV-0002,CASE-0558,Recommendation Correct,Approved and threat verified
REC-0831,DEV-0122,CASE-0778,Recommendation Correct,Approved and threat verified
REC-0832,DEV-0018,CASE-0040,Recommendation Correct,Approved and threat verified
REC-0833,DEV-0171,CASE-0119,False Negative,Escalated; incident response initiated
REC-0834,DEV-0184,CASE-0204,Recommendation Correct,Approved and threat verified
REC-0835,DEV-0134,CASE-0279,False Positive,Dismissed; benign root cause confirmed
REC-0836,DEV-0186,CASE-0476,Recommendation Correct,Approved and threat verified
REC-0837,DEV-0085,CASE-0133,Recommendation Correct,Approved and threat verified
REC-0838,DEV-0086,CASE-0245,Recommendation Incorrect,Overridden after investigation
REC-0839,DEV-0173,CASE-0259,Recommendation Correct,Approved and threat verified
REC-0840,DEV-0015,CASE-0847,Recommendation Correct,Approved and threat verified
REC-0841,DEV-0164,CASE-0053,False Positive,Dismissed; benign root cause confirmed
REC-0842,DEV-0156,CASE-0533,Recommendation Incorrect,Overridden after investigation
REC-0843,DEV-0068,CASE-0727,False Positive,Dismissed; benign root cause confirmed
REC-0844,DEV-0140,CASE-0665,Recommendation Correct,Approved and threat verified
REC-0845,DEV-0073,CASE-0394,Recommendation Correct,Approved and threat verified
REC-0846,DEV-0128,CASE-0339,Recommendation Correct,Approved and threat verified
REC-0847,DEV-0207,CASE-0285,Recommendation Incorrect,Overridden after investigation
REC-0848,DEV-0247,CASE-0583,Recommendation Correct,Approved and threat verified
REC-0849,DEV-0152,CASE-0728,Recommendation Correct,Approved and threat verified
REC-0850,DEV-0178,CASE-0226,False Negative,Escalated; incident response initiated
REC-0851,DEV-0082,CASE-0474,False Negative,Escalated; incident response initiated
REC-0852,DEV-0186,CASE-0412,Recommendation Correct,Approved and threat verified
REC-0853,DEV-0067,CASE-0583,False Positive,Dismissed; benign root cause confirmed
REC-0854,DEV-0071,CASE-0982,False Positive,Dismissed; benign root cause confirmed
REC-0855,DEV-0176,CASE-0117,False Positive,Dismissed; benign root cause confirmed
REC-0856,DEV-0020,CASE-0914,Recommendation Incorrect,Overridden after investigation
REC-0857,DEV-0205,CASE-0319,False Positive,Dismissed; benign root cause confirmed
REC-0858,DEV-0136,CASE-0940,False Positive,Dismissed; benign root cause confirmed
REC-0859,DEV-0113,CASE-0107,False Negative,Escalated; incident response initiated
REC-0860,DEV-0061,CASE-0826,False Positive,Dismissed; benign root cause confirmed
REC-0861,DEV-0129,CASE-0519,Recommendation Correct,Approved and threat verified
REC-0862,DEV-0103,CASE-0958,False Positive,Dismissed; benign root cause confirmed
REC-0863,DEV-0136,CASE-0320,Recommendation Correct,Approved and threat verified
REC-0864,DEV-0018,CASE-0665,Recommendation Incorrect,Overridden after investigation
REC-0865,DEV-0154,CASE-0668,False Negative,Escalated; incident response initiated
REC-0866,DEV-0190,CASE-0402,Recommendation Correct,Approved and threat verified
REC-0867,DEV-0033,CASE-0952,Recommendation Correct,Approved and threat verified
REC-0868,DEV-0246,CASE-0186,False Negative,Escalated; incident response initiated
REC-0869,DEV-0079,CASE-0563,Recommendation Incorrect,Overridden after investigation
REC-0870,DEV-0028,CASE-0944,Recommendation Correct,Approved and threat verified
REC-0871,DEV-0079,CASE-0794,False Positive,Dismissed; benign root cause confirmed
REC-0872,DEV-0219,CASE-0463,Recommendation Correct,Approved and threat verified
REC-0873,DEV-0241,CASE-0167,Recommendation Correct,Approved and threat verified
REC-0874,DEV-0244,CASE-0841,Recommendation Incorrect,Overridden after investigation
REC-0875,DEV-0248,CASE-0512,Recommendation Correct,Approved and threat verified
REC-0876,DEV-0036,CASE-0275,Recommendation Correct,Approved and threat verified
REC-0877,DEV-0112,CASE-0736,Recommendation Incorrect,Overridden after investigation
REC-0878,DEV-0003,CASE-0916,Recommendation Correct,Approved and threat verified
REC-0879,DEV-0186,CASE-0382,False Positive,Dismissed; benign root cause confirmed
REC-0880,DEV-0072,CASE-0334,False Positive,Dismissed; benign root cause confirmed
REC-0881,DEV-0228,CASE-0928,False Negative,Escalated; incident response initiated
REC-0882,DEV-0087,CASE-0922,False Negative,Escalated; incident response initiated
REC-0883,DEV-0001,CASE-0983,False Positive,Dismissed; benign root cause confirmed
REC-0884,DEV-0074,CASE-0856,False Negative,Escalated; incident response initiated
REC-0885,DEV-0058,CASE-0835,False Positive,Dismissed; benign root cause confirmed
REC-0886,DEV-0246,CASE-0939,Recommendation Incorrect,Overridden after investigation
REC-0887,DEV-0057,CASE-0912,Recommendation Correct,Approved and threat verified
REC-0888,DEV-0150,CASE-0807,False Negative,Escalated; incident response initiated
REC-0889,DEV-0205,CASE-0287,False Positive,Dismissed; benign root cause confirmed
REC-0890,DEV-0031,CASE-0509,False Negative,Escalated; incident response initiated
REC-0891,DEV-0077,CASE-0221,False Positive,Dismissed; benign root cause confirmed
REC-0892,DEV-0032,CASE-0748,Recommendation Correct,Approved and threat verified
REC-0893,DEV-0051,CASE-0531,False Negative,Escalated; incident response initiated
REC-0894,DEV-0239,CASE-0114,False Positive,Dismissed; benign root cause confirmed
REC-0895,DEV-0148,CASE-0934,False Positive,Dismissed; benign root cause confirmed
REC-0896,DEV-0145,CASE-0611,False Positive,Dismissed; benign root cause confirmed
REC-0897,DEV-0180,CASE-0898,Recommendation Correct,Approved and threat verified
REC-0898,DEV-0090,CASE-0254,Recommendation Correct,Approved and threat verified
REC-0899,DEV-0153,CASE-0806,Recommendation Correct,Approved and threat verified
REC-0900,DEV-0024,CASE-0128,Recommendation Correct,Approved and threat verified
REC-0901,DEV-0090,CASE-0174,Recommendation Correct,Approved and threat verified
REC-0902,DEV-0205,CASE-0881,Recommendation Correct,Approved and threat verified
REC-0903,DEV-0137,CASE-0661,False Positive,Dismissed; benign root cause confirmed
REC-0904,DEV-0019,CASE-0582,Recommendation Correct,Approved and threat verified
REC-0905,DEV-0102,CASE-0444,Recommendation Correct,Approved and threat verified
REC-0906,DEV-0100,CASE-0205,Recommendation Correct,Approved and threat verified
REC-0907,DEV-0093,CASE-0088,Recommendation Incorrect,Overridden after investigation
REC-0908,DEV-0187,CASE-0855,Recommendation Incorrect,Overridden after investigation
REC-0909,DEV-0198,CASE-0421,Recommendation Correct,Approved and threat verified
REC-0910,DEV-0188,CASE-0579,Recommendation Correct,Approved and threat verified
REC-0911,DEV-0195,CASE-0963,False Positive,Dismissed; benign root cause confirmed
REC-0912,DEV-0048,CASE-0579,Recommendation Correct,Approved and threat verified
REC-0913,DEV-0003,CASE-0491,Recommendation Correct,Approved and threat verified
REC-0914,DEV-0030,CASE-0034,Recommendation Correct,Approved and threat verified
REC-0915,DEV-0111,CASE-0373,Recommendation Correct,Approved and threat verified
REC-0916,DEV-0194,CASE-0993,Recommendation Incorrect,Overridden after investigation
REC-0917,DEV-0012,CASE-0682,Recommendation Incorrect,Overridden after investigation
REC-0918,DEV-0046,CASE-0331,Recommendation Correct,Approved and threat verified
REC-0919,DEV-0142,CASE-0926,Recommendation Incorrect,Overridden after investigation
REC-0920,DEV-0045,CASE-0412,False Negative,Escalated; incident response initiated
REC-0921,DEV-0152,CASE-0306,Recommendation Correct,Approved and threat verified
REC-0922,DEV-0106,CASE-0163,Recommendation Correct,Approved and threat verified
REC-0923,DEV-0007,CASE-0888,Recommendation Incorrect,Overridden after investigation
REC-0924,DEV-0013,CASE-0216,False Positive,Dismissed; benign root cause confirmed
REC-0925,DEV-0055,CASE-0954,Recommendation Correct,Approved and threat verified
REC-0926,DEV-0185,CASE-0584,Recommendation Correct,Approved and threat verified
REC-0927,DEV-0156,CASE-0133,Recommendation Correct,Approved and threat verified
REC-0928,DEV-0218,CASE-0380,False Positive,Dismissed; benign root cause confirmed
REC-0929,DEV-0089,CASE-0369,Recommendation Correct,Approved and threat verified
REC-0930,DEV-0127,CASE-0077,False Positive,Dismissed; benign root cause confirmed
REC-0931,DEV-0172,CASE-0921,Recommendation Correct,Approved and threat verified
REC-0932,DEV-0149,CASE-0856,Recommendation Correct,Approved and threat verified
REC-0933,DEV-0236,CASE-0546,Recommendation Correct,Approved and threat verified
REC-0934,DEV-0115,CASE-0370,False Positive,Dismissed; benign root cause confirmed
REC-0935,DEV-0022,CASE-0037,Recommendation Correct,Approved and threat verified
REC-0936,DEV-0022,CASE-0316,Recommendation Correct,Approved and threat verified
REC-0937,DEV-0115,CASE-0218,Recommendation Correct,Approved and threat verified
REC-0938,DEV-0012,CASE-0248,Recommendation Incorrect,Overridden after investigation
REC-0939,DEV-0148,CASE-0732,Recommendation Incorrect,Overridden after investigation
REC-0940,DEV-0116,CASE-0344,False Negative,Escalated; incident response initiated
REC-0941,DEV-0176,CASE-0552,Recommendation Correct,Approved and threat verified
REC-0942,DEV-0119,CASE-0864,Recommendation Correct,Approved and threat verified
REC-0943,DEV-0240,CASE-0163,Recommendation Correct,Approved and threat verified
REC-0944,DEV-0024,CASE-0005,Recommendation Correct,Approved and threat verified
REC-0945,DEV-0023,CASE-0217,Recommendation Correct,Approved and threat verified
REC-0946,DEV-0178,CASE-0728,False Positive,Dismissed; benign root cause confirmed
REC-0947,DEV-0211,CASE-0099,Recommendation Incorrect,Overridden after investigation
REC-0948,DEV-0036,CASE-0264,False Negative,Escalated; incident response initiated
REC-0949,DEV-0053,CASE-0224,Recommendation Correct,Approved and threat verified
REC-0950,DEV-0115,CASE-0698,False Positive,Dismissed; benign root cause confirmed
REC-0951,DEV-0100,CASE-0944,Recommendation Correct,Approved and threat verified
REC-0952,DEV-0245,CASE-0618,Recommendation Correct,Approved and threat verified
REC-0953,DEV-0141,CASE-0049,Recommendation Incorrect,Overridden after investigation
REC-0954,DEV-0038,CASE-0491,Recommendation Correct,Approved and threat verified
REC-0955,DEV-0072,CASE-0409,Recommendation Correct,Approved and threat verified
REC-0956,DEV-0136,CASE-0175,Recommendation Correct,Approved and threat verified
REC-0957,DEV-0248,CASE-0480,Recommendation Correct,Approved and threat verified
REC-0958,DEV-0113,CASE-0269,Recommendation Incorrect,Overridden after investigation
REC-0959,DEV-0001,CASE-0901,False Negative,Escalated; incident response initiated
REC-0960,DEV-0042,CASE-0385,Recommendation Correct,Approved and threat verified
REC-0961,DEV-0052,CASE-0219,Recommendation Correct,Approved and threat verified
REC-0962,DEV-0189,CASE-0884,False Positive,Dismissed; benign root cause confirmed
REC-0963,DEV-0163,CASE-0704,False Negative,Escalated; incident response initiated
REC-0964,DEV-0034,CASE-0305,Recommendation Correct,Approved and threat verified
REC-0965,DEV-0003,CASE-0245,Recommendation Correct,Approved and threat verified
REC-0966,DEV-0128,CASE-0208,False Negative,Escalated; incident response initiated
REC-0967,DEV-0099,CASE-0511,Recommendation Incorrect,Overridden after investigation
REC-0968,DEV-0177,CASE-0163,Recommendation Incorrect,Overridden after investigation
REC-0969,DEV-0181,CASE-0932,False Positive,Dismissed; benign root cause confirmed
REC-0970,DEV-0145,CASE-0758,False Positive,Dismissed; benign root cause confirmed
REC-0971,DEV-0149,CASE-0824,False Positive,Dismissed; benign root cause confirmed
REC-0972,DEV-0097,CASE-0181,Recommendation Correct,Approved and threat verified
REC-0973,DEV-0027,CASE-0706,False Positive,Dismissed; benign root cause confirmed
REC-0974,DEV-0118,CASE-0721,Recommendation Correct,Approved and threat verified
REC-0975,DEV-0180,CASE-0246,Recommendation Correct,Approved and threat verified
REC-0976,DEV-0053,CASE-0808,Recommendation Correct,Approved and threat verified
REC-0977,DEV-0150,CASE-0133,Recommendation Correct,Approved and threat verified
REC-0978,DEV-0090,CASE-0347,Recommendation Correct,Approved and threat verified
REC-0979,DEV-0058,CASE-0624,False Positive,Dismissed; benign root cause confirmed
REC-0980,DEV-0207,CASE-0104,Recommendation Correct,Approved and threat verified
REC-0981,DEV-0138,CASE-0517,Recommendation Correct,Approved and threat verified
REC-0982,DEV-0023,CASE-0761,Recommendation Correct,Approved and threat verified
REC-0983,DEV-0200,CASE-0242,Recommendation Correct,Approved and threat verified
REC-0984,DEV-0230,CASE-0363,False Positive,Dismissed; benign root cause confirmed
REC-0985,DEV-0002,CASE-0306,Recommendation Correct,Approved and threat verified
REC-0986,DEV-0249,CASE-0314,False Negative,Escalated; incident response initiated
REC-0987,DEV-0236,CASE-0167,Recommendation Correct,Approved and threat verified
REC-0988,DEV-0116,CASE-0063,False Positive,Dismissed; benign root cause confirmed
REC-0989,DEV-0041,CASE-0016,False Positive,Dismissed; benign root cause confirmed
REC-0990,DEV-0082,CASE-0346,False Negative,Escalated; incident response initiated
REC-0991,DEV-0033,CASE-0959,Recommendation Correct,Approved and threat verified
REC-0992,DEV-0182,CASE-0990,Recommendation Correct,Approved and threat verified
REC-0993,DEV-0015,CASE-0416,Recommendation Incorrect,Overridden after investigation
REC-0994,DEV-0135,CASE-0997,False Negative,Escalated; incident response initiated
REC-0995,DEV-0099,CASE-0744,Recommendation Correct,Approved and threat verified
REC-0996,DEV-0129,CASE-0560,Recommendation Correct,Approved and threat verified
REC-0997,DEV-0100,CASE-0076,Recommendation Correct,Approved and threat verified
REC-0998,DEV-0021,CASE-0580,Recommendation Correct,Approved and threat verified
REC-0999,DEV-0134,CASE-0694,Recommendation Correct,Approved and threat verified
REC-1000,DEV-0242,CASE-0715,False Positive,Dismissed; benign root cause confirmed
