recommendation_id,device_id,case_id,risk_level,requires_evidence_review,requires_impact_review,requires_written_justification
REC-0001,DEV-0103,CASE-0001,Low,False,False,False
REC-0002,DEV-0038,CASE-0002,Critical,True,True,True
REC-0003,DEV-0244,CASE-0003,Medium,True,False,False
REC-0004,DEV-0172,CASE-0004,Medium,True,False,False
REC-0005,DEV-0228,CASE-0005,Medium,True,False,False
REC-0006,DEV-0089,CASE-0006,Low,False,False,False
REC-0007,DEV-0162,CASE-0007,Critical,True,True,True
REC-0008,DEV-0103,CASE-0008,Critical,True,True,True
REC-0009,DEV-0036,CASE-0009,Low,False,False,False
REC-0010,DEV-0225,CASE-0010,High,True,True,False
REC-0011,DEV-0113,CASE-0011,Critical,True,True,True
REC-0012,DEV-0147,CASE-0012,Medium,True,False,False
REC-0013,DEV-0097,CASE-0013,High,True,True,False
REC-0014,DEV-0220,CASE-0014,Medium,True,False,False
REC-0015,DEV-0233,CASE-0015,High,True,True,False
REC-0016,DEV-0093,CASE-0016,High,True,True,False
REC-0017,DEV-0204,CASE-0017,Medium,True,False,False
REC-0018,DEV-0061,CASE-0018,Medium,True,False,False
REC-0019,DEV-0225,CASE-0019,Critical,True,True,True
REC-0020,DEV-0234,CASE-0020,Low,False,False,False
REC-0021,DEV-0065,CASE-0021,Critical,True,True,True
REC-0022,DEV-0170,CASE-0022,Low,False,False,False
REC-0023,DEV-0013,CASE-0023,Low,False,False,False
REC-0024,DEV-0122,CASE-0024,High,True,True,False
REC-0025,DEV-0144,CASE-0025,High,True,True,False
REC-0026,DEV-0222,CASE-0026,Medium,True,False,False
REC-0027,DEV-0219,CASE-0027,Low,False,False,False
REC-0028,DEV-0012,CASE-0028,Critical,True,True,True
REC-0029,DEV-0120,CASE-0029,Medium,True,False,False
REC-0030,DEV-0113,CASE-0030,Medium,True,False,False
REC-0031,DEV-0076,CASE-0031,High,True,True,False
REC-0032,DEV-0109,CASE-0032,Low,False,False,False
REC-0033,DEV-0170,CASE-0033,High,True,True,False
REC-0034,DEV-0070,CASE-0034,Medium,True,False,False
REC-0035,DEV-0001,CASE-0035,Medium,True,False,False
REC-0036,DEV-0227,CASE-0036,Medium,True,False,False
REC-0037,DEV-0122,CASE-0037,High,True,True,False
REC-0038,DEV-0046,CASE-0038,Critical,True,True,True
REC-0039,DEV-0011,CASE-0039,Medium,True,False,False
REC-0040,DEV-0181,CASE-0040,Medium,True,False,False
REC-0041,DEV-0154,CASE-0041,Medium,True,False,False
REC-0042,DEV-0103,CASE-0042,High,True,True,False
REC-0043,DEV-0029,CASE-0043,High,True,True,False
REC-0044,DEV-0183,CASE-0044,Medium,True,False,False
REC-0045,DEV-0021,CASE-0045,High,True,True,False
REC-0046,DEV-0121,CASE-0046,Medium,True,False,False
REC-0047,DEV-0215,CASE-0047,Medium,True,False,False
REC-0048,DEV-0202,CASE-0048,Medium,True,False,False
REC-0049,DEV-0111,CASE-0049,Medium,True,False,False
REC-0050,DEV-0070,CASE-0050,High,True,True,False
REC-0051,DEV-0079,CASE-0051,Low,False,False,False
REC-0052,DEV-0212,CASE-0052,Medium,True,False,False
REC-0053,DEV-0151,CASE-0053,Medium,True,False,False
REC-0054,DEV-0062,CASE-0054,Medium,True,False,False
REC-0055,DEV-0060,CASE-0055,High,True,True,False
REC-0056,DEV-0097,CASE-0056,Medium,True,False,False
REC-0057,DEV-0192,CASE-0057,High,True,True,False
REC-0058,DEV-0123,CASE-0058,Medium,True,False,False
REC-0059,DEV-0155,CASE-0059,Medium,True,False,False
REC-0060,DEV-0218,CASE-0060,Medium,True,False,False
REC-0061,DEV-0246,CASE-0061,Critical,True,True,True
REC-0062,DEV-0201,CASE-0062,Medium,True,False,False
REC-0063,DEV-0108,CASE-0063,Low,False,False,False
REC-0064,DEV-0148,CASE-0064,Medium,True,False,False
REC-0065,DEV-0001,CASE-0065,Medium,True,False,False
REC-0066,DEV-0124,CASE-0066,Low,False,False,False
REC-0067,DEV-0051,CASE-0067,Medium,True,False,False
REC-0068,DEV-0161,CASE-0068,High,True,True,False
REC-0069,DEV-0166,CASE-0069,Medium,True,False,False
REC-0070,DEV-0009,CASE-0070,Medium,True,False,False
REC-0071,DEV-0100,CASE-0071,Medium,True,False,False
REC-0072,DEV-0237,CASE-0072,Medium,True,False,False
REC-0073,DEV-0011,CASE-0073,High,True,True,False
REC-0074,DEV-0109,CASE-0074,High,True,True,False
REC-0075,DEV-0222,CASE-0075,Critical,True,True,True
REC-0076,DEV-0200,CASE-0076,High,True,True,False
REC-0077,DEV-0137,CASE-0077,High,True,True,False
REC-0078,DEV-0098,CASE-0078,Low,False,False,False
REC-0079,DEV-0108,CASE-0079,High,True,True,False
REC-0080,DEV-0245,CASE-0080,Medium,True,False,False
REC-0081,DEV-0146,CASE-0081,High,True,True,False
REC-0082,DEV-0077,CASE-0082,Low,False,False,False
REC-0083,DEV-0047,CASE-0083,High,True,True,False
REC-0084,DEV-0142,CASE-0084,Low,False,False,False
REC-0085,DEV-0226,CASE-0085,Medium,True,False,False
REC-0086,DEV-0067,CASE-0086,High,True,True,False
REC-0087,DEV-0155,CASE-0087,Medium,True,False,False
REC-0088,DEV-0039,CASE-0088,High,True,True,False
REC-0089,DEV-0156,CASE-0089,Medium,True,False,False
REC-0090,DEV-0014,CASE-0090,Low,False,False,False
REC-0091,DEV-0226,CASE-0091,Low,False,False,False
REC-0092,DEV-0092,CASE-0092,Medium,True,False,False
REC-0093,DEV-0015,CASE-0093,Medium,True,False,False
REC-0094,DEV-0148,CASE-0094,Low,False,False,False
REC-0095,DEV-0205,CASE-0095,High,True,True,False
REC-0096,DEV-0145,CASE-0096,Critical,True,True,True
REC-0097,DEV-0150,CASE-0097,High,True,True,False
REC-0098,DEV-0041,CASE-0098,Medium,True,False,False
REC-0099,DEV-0188,CASE-0099,Medium,True,False,False
REC-0100,DEV-0082,CASE-0100,Critical,True,True,True
REC-0101,DEV-0186,CASE-0101,Medium,True,False,False
REC-0102,DEV-0079,CASE-0102,Low,False,False,False
REC-0103,DEV-0172,CASE-0103,High,True,True,False
REC-0104,DEV-0066,CASE-0104,Low,False,False,False
REC-0105,DEV-0133,CASE-0105,High,True,True,False
REC-0106,DEV-0148,CASE-0106,High,True,True,False
REC-0107,DEV-0242,CASE-0107,Low,False,False,False
REC-0108,DEV-0234,CASE-0108,Medium,True,False,False
REC-0109,DEV-0114,CASE-0109,High,True,True,False
REC-0110,DEV-0220,CASE-0110,High,True,True,False
REC-0111,DEV-0198,CASE-0111,Low,False,False,False
REC-0112,DEV-0060,CASE-0112,Medium,True,False,False
REC-0113,DEV-0156,CASE-0113,Critical,True,True,True
REC-0114,DEV-0151,CASE-0114,Medium,True,False,False
REC-0115,DEV-0239,CASE-0115,Medium,True,False,False
REC-0116,DEV-0189,CASE-0116,High,True,True,False
REC-0117,DEV-0009,CASE-0117,Medium,True,False,False
REC-0118,DEV-0147,CASE-0118,Medium,True,False,False
REC-0119,DEV-0201,CASE-0119,High,True,True,False
REC-0120,DEV-0218,CASE-0120,High,True,True,False
REC-0121,DEV-0130,CASE-0121,Medium,True,False,False
REC-0122,DEV-0098,CASE-0122,Medium,True,False,False
REC-0123,DEV-0212,CASE-0123,Medium,True,False,False
REC-0124,DEV-0204,CASE-0124,Low,False,False,False
REC-0125,DEV-0210,CASE-0125,Medium,True,False,False
REC-0126,DEV-0206,CASE-0126,Low,False,False,False
REC-0127,DEV-0033,CASE-0127,Low,False,False,False
REC-0128,DEV-0079,CASE-0128,Low,False,False,False
REC-0129,DEV-0243,CASE-0129,Medium,True,False,False
REC-0130,DEV-0080,CASE-0130,Medium,True,False,False
REC-0131,DEV-0062,CASE-0131,Medium,True,False,False
REC-0132,DEV-0215,CASE-0132,High,True,True,False
REC-0133,DEV-0196,CASE-0133,Low,False,False,False
REC-0134,DEV-0129,CASE-0134,Low,False,False,False
REC-0135,DEV-0160,CASE-0135,Low,False,False,False
REC-0136,DEV-0180,CASE-0136,Medium,True,False,False
REC-0137,DEV-0195,CASE-0137,High,True,True,False
REC-0138,DEV-0160,CASE-0138,Medium,True,False,False
REC-0139,DEV-0032,CASE-0139,Medium,True,False,False
REC-0140,DEV-0235,CASE-0140,High,True,True,False
REC-0141,DEV-0189,CASE-0141,Medium,True,False,False
REC-0142,DEV-0003,CASE-0142,Low,False,False,False
REC-0143,DEV-0143,CASE-0143,Low,False,False,False
REC-0144,DEV-0024,CASE-0144,High,True,True,False
REC-0145,DEV-0055,CASE-0145,Medium,True,False,False
REC-0146,DEV-0100,CASE-0146,Medium,True,False,False
REC-0147,DEV-0145,CASE-0147,Medium,True,False,False
REC-0148,DEV-0081,CASE-0148,Low,False,False,False
REC-0149,DEV-0126,CASE-0149,Medium,True,False,False
REC-0150,DEV-0086,CASE-0150,High,True,True,False
REC-0151,DEV-0021,CASE-0151,Medium,True,False,False
REC-0152,DEV-0057,CASE-0152,Medium,True,False,False
REC-0153,DEV-0127,CASE-0153,High,True,True,False
REC-0154,DEV-0074,CASE-0154,High,True,True,False
REC-0155,DEV-0049,CASE-0155,High,True,True,False
REC-0156,DEV-0058,CASE-0156,Medium,True,False,False
REC-0157,DEV-0147,CASE-0157,Medium,True,False,False
REC-0158,DEV-0060,CASE-0158,Medium,True,False,False
REC-0159,DEV-0107,CASE-0159,High,True,True,False
REC-0160,DEV-0004,CASE-0160,Low,False,False,False
REC-0161,DEV-0116,CASE-0161,Low,False,False,False
REC-0162,DEV-0156,CASE-0162,Low,False,False,False
REC-0163,DEV-0033,CASE-0163,High,True,True,False
REC-0164,DEV-0047,CASE-0164,High,True,True,False
REC-0165,DEV-0219,CASE-0165,Medium,True,False,False
REC-0166,DEV-0176,CASE-0166,Medium,True,False,False
REC-0167,DEV-0244,CASE-0167,Critical,True,True,True
REC-0168,DEV-0196,CASE-0168,Critical,True,True,True
REC-0169,DEV-0064,CASE-0169,Low,False,False,False
REC-0170,DEV-0045,CASE-0170,Medium,True,False,False
REC-0171,DEV-0179,CASE-0171,High,True,True,False
REC-0172,DEV-0061,CASE-0172,Medium,True,False,False
REC-0173,DEV-0189,CASE-0173,Critical,True,True,True
REC-0174,DEV-0088,CASE-0174,Medium,True,False,False
REC-0175,DEV-0189,CASE-0175,High,True,True,False
REC-0176,DEV-0068,CASE-0176,High,True,True,False
REC-0177,DEV-0142,CASE-0177,Medium,True,False,False
REC-0178,DEV-0163,CASE-0178,Medium,True,False,False
REC-0179,DEV-0099,CASE-0179,Critical,True,True,True
REC-0180,DEV-0118,CASE-0180,Medium,True,False,False
REC-0181,DEV-0220,CASE-0181,Critical,True,True,True
REC-0182,DEV-0158,CASE-0182,Critical,True,True,True
REC-0183,DEV-0170,CASE-0183,High,True,True,False
REC-0184,DEV-0233,CASE-0184,Medium,True,False,False
REC-0185,DEV-0243,CASE-0185,High,True,True,False
REC-0186,DEV-0028,CASE-0186,Low,False,False,False
REC-0187,DEV-0209,CASE-0187,Medium,True,False,False
REC-0188,DEV-0216,CASE-0188,Medium,True,False,False
REC-0189,DEV-0048,CASE-0189,Low,False,False,False
REC-0190,DEV-0093,CASE-0190,Critical,True,True,True
REC-0191,DEV-0026,CASE-0191,Low,False,False,False
REC-0192,DEV-0191,CASE-0192,Critical,True,True,True
REC-0193,DEV-0061,CASE-0193,Critical,True,True,True
REC-0194,DEV-0215,CASE-0194,Low,False,False,False
REC-0195,DEV-0081,CASE-0195,Medium,True,False,False
REC-0196,DEV-0215,CASE-0196,Medium,True,False,False
REC-0197,DEV-0008,CASE-0197,Critical,True,True,True
REC-0198,DEV-0083,CASE-0198,Low,False,False,False
REC-0199,DEV-0235,CASE-0199,Medium,True,False,False
REC-0200,DEV-0103,CASE-0200,Medium,True,False,False
REC-0201,DEV-0137,CASE-0201,Medium,True,False,False
REC-0202,DEV-0236,CASE-0202,Critical,True,True,True
REC-0203,DEV-0002,CASE-0203,Critical,True,True,True
REC-0204,DEV-0084,CASE-0204,Medium,True,False,False
REC-0205,DEV-0033,CASE-0205,Medium,True,False,False
REC-0206,DEV-0214,CASE-0206,High,True,True,False
REC-0207,DEV-0096,CASE-0207,Medium,True,False,False
REC-0208,DEV-0200,CASE-0208,Medium,True,False,False
REC-0209,DEV-0084,CASE-0209,Medium,True,False,False
REC-0210,DEV-0141,CASE-0210,Medium,True,False,False
REC-0211,DEV-0068,CASE-0211,Low,False,False,False
REC-0212,DEV-0004,CASE-0212,Low,False,False,False
REC-0213,DEV-0171,CASE-0213,Medium,True,False,False
REC-0214,DEV-0055,CASE-0214,Medium,True,False,False
REC-0215,DEV-0160,CASE-0215,Medium,True,False,False
REC-0216,DEV-0091,CASE-0216,Medium,True,False,False
REC-0217,DEV-0221,CASE-0217,Medium,True,False,False
REC-0218,DEV-0106,CASE-0218,Low,False,False,False
REC-0219,DEV-0027,CASE-0219,Low,False,False,False
REC-0220,DEV-0169,CASE-0220,Critical,True,True,True
REC-0221,DEV-0243,CASE-0221,Medium,True,False,False
REC-0222,DEV-0016,CASE-0222,Medium,True,False,False
REC-0223,DEV-0048,CASE-0223,High,True,True,False
REC-0224,DEV-0122,CASE-0224,Medium,True,False,False
REC-0225,DEV-0192,CASE-0225,Medium,True,False,False
REC-0226,DEV-0216,CASE-0226,Medium,True,False,False
REC-0227,DEV-0202,CASE-0227,Low,False,False,False
REC-0228,DEV-0210,CASE-0228,High,True,True,False
REC-0229,DEV-0062,CASE-0229,Critical,True,True,True
REC-0230,DEV-0221,CASE-0230,Critical,True,True,True
REC-0231,DEV-0082,CASE-0231,Medium,True,False,False
REC-0232,DEV-0183,CASE-0232,Critical,True,True,True
REC-0233,DEV-0073,CASE-0233,Medium,True,False,False
REC-0234,DEV-0149,CASE-0234,High,True,True,False
REC-0235,DEV-0106,CASE-0235,Medium,True,False,False
REC-0236,DEV-0154,CASE-0236,Low,False,False,False
REC-0237,DEV-0176,CASE-0237,Low,False,False,False
REC-0238,DEV-0131,CASE-0238,Medium,True,False,False
REC-0239,DEV-0037,CASE-0239,Medium,True,False,False
REC-0240,DEV-0098,CASE-0240,Medium,True,False,False
REC-0241,DEV-0102,CASE-0241,High,True,True,False
REC-0242,DEV-0056,CASE-0242,Medium,True,False,False
REC-0243,DEV-0039,CASE-0243,High,True,True,False
REC-0244,DEV-0057,CASE-0244,Critical,True,True,True
REC-0245,DEV-0108,CASE-0245,Medium,True,False,False
REC-0246,DEV-0011,CASE-0246,High,True,True,False
REC-0247,DEV-0175,CASE-0247,Medium,True,False,False
REC-0248,DEV-0195,CASE-0248,High,True,True,False
REC-0249,DEV-0156,CASE-0249,Medium,True,False,False
REC-0250,DEV-0015,CASE-0250,Medium,True,False,False
REC-0251,DEV-0049,CASE-0251,Critical,True,True,True
REC-0252,DEV-0116,CASE-0252,Critical,True,True,True
REC-0253,DEV-0101,CASE-0253,Medium,True,False,False
REC-0254,DEV-0215,CASE-0254,Medium,True,False,False
REC-0255,DEV-0130,CASE-0255,Medium,True,False,False
REC-0256,DEV-0166,CASE-0256,Medium,True,False,False
REC-0257,DEV-0028,CASE-0257,High,True,True,False
REC-0258,DEV-0104,CASE-0258,Medium,True,False,False
REC-0259,DEV-0095,CASE-0259,Critical,True,True,True
REC-0260,DEV-0183,CASE-0260,Low,False,False,False
REC-0261,DEV-0153,CASE-0261,High,True,True,False
REC-0262,DEV-0153,CASE-0262,Medium,True,False,False
REC-0263,DEV-0202,CASE-0263,Medium,True,False,False
REC-0264,DEV-0119,CASE-0264,High,True,True,False
REC-0265,DEV-0043,CASE-0265,Critical,True,True,True
REC-0266,DEV-0179,CASE-0266,Critical,True,True,True
REC-0267,DEV-0042,CASE-0267,Low,False,False,False
REC-0268,DEV-0126,CASE-0268,High,True,True,False
REC-0269,DEV-0101,CASE-0269,High,True,True,False
REC-0270,DEV-0128,CASE-0270,High,True,True,False
REC-0271,DEV-0018,CASE-0271,Medium,True,False,False
REC-0272,DEV-0076,CASE-0272,Medium,True,False,False
REC-0273,DEV-0211,CASE-0273,Medium,True,False,False
REC-0274,DEV-0096,CASE-0274,Low,False,False,False
REC-0275,DEV-0031,CASE-0275,High,True,True,False
REC-0276,DEV-0174,CASE-0276,Medium,True,False,False
REC-0277,DEV-0171,CASE-0277,Critical,True,True,True
REC-0278,DEV-0137,CASE-0278,Low,False,False,False
REC-0279,DEV-0115,CASE-0279,Medium,True,False,False
REC-0280,DEV-0200,CASE-0280,Medium,True,False,False
REC-0281,DEV-0038,CASE-0281,Low,False,False,False
REC-0282,DEV-0099,CASE-0282,High,True,True,False
REC-0283,DEV-0111,CASE-0283,High,True,True,False
REC-0284,DEV-0005,CASE-0284,Critical,True,True,True
REC-0285,DEV-0158,CASE-0285,Low,False,False,False
REC-0286,DEV-0216,CASE-0286,Critical,True,True,True
REC-0287,DEV-0089,CASE-0287,Low,False,False,False
REC-0288,DEV-0104,CASE-0288,Critical,True,True,True
REC-0289,DEV-0052,CASE-0289,Critical,True,True,True
REC-0290,DEV-0246,CASE-0290,High,True,True,False
REC-0291,DEV-0060,CASE-0291,Critical,True,True,True
REC-0292,DEV-0206,CASE-0292,Critical,True,True,True
REC-0293,DEV-0061,CASE-0293,Medium,True,False,False
REC-0294,DEV-0190,CASE-0294,High,True,True,False
REC-0295,DEV-0208,CASE-0295,Medium,True,False,False
REC-0296,DEV-0006,CASE-0296,High,True,True,False
REC-0297,DEV-0196,CASE-0297,High,True,True,False
REC-0298,DEV-0225,CASE-0298,Medium,True,False,False
REC-0299,DEV-0094,CASE-0299,Critical,True,True,True
REC-0300,DEV-0210,CASE-0300,Critical,True,True,True
REC-0301,DEV-0231,CASE-0301,Critical,True,True,True
REC-0302,DEV-0209,CASE-0302,High,True,True,False
REC-0303,DEV-0124,CASE-0303,Medium,True,False,False
REC-0304,DEV-0063,CASE-0304,High,True,True,False
REC-0305,DEV-0038,CASE-0305,High,True,True,False
REC-0306,DEV-0137,CASE-0306,High,True,True,False
REC-0307,DEV-0194,CASE-0307,High,True,True,False
REC-0308,DEV-0047,CASE-0308,High,True,True,False
REC-0309,DEV-0113,CASE-0309,Low,False,False,False
REC-0310,DEV-0047,CASE-0310,Critical,True,True,True
REC-0311,DEV-0096,CASE-0311,Low,False,False,False
REC-0312,DEV-0084,CASE-0312,Medium,True,False,False
REC-0313,DEV-0217,CASE-0313,High,True,True,False
REC-0314,DEV-0081,CASE-0314,Medium,True,False,False
REC-0315,DEV-0099,CASE-0315,High,True,True,False
REC-0316,DEV-0212,CASE-0316,High,True,True,False
REC-0317,DEV-0084,CASE-0317,Medium,True,False,False
REC-0318,DEV-0171,CASE-0318,High,True,True,False
REC-0319,DEV-0137,CASE-0319,Critical,True,True,True
REC-0320,DEV-0220,CASE-0320,Low,False,False,False
REC-0321,DEV-0117,CASE-0321,Medium,True,False,False
REC-0322,DEV-0233,CASE-0322,High,True,True,False
REC-0323,DEV-0208,CASE-0323,Critical,True,True,True
REC-0324,DEV-0074,CASE-0324,Medium,True,False,False
REC-0325,DEV-0071,CASE-0325,Medium,True,False,False
REC-0326,DEV-0099,CASE-0326,High,True,True,False
REC-0327,DEV-0222,CASE-0327,High,True,True,False
REC-0328,DEV-0095,CASE-0328,Low,False,False,False
REC-0329,DEV-0002,CASE-0329,Medium,True,False,False
REC-0330,DEV-0113,CASE-0330,Medium,True,False,False
REC-0331,DEV-0150,CASE-0331,Critical,True,True,True
REC-0332,DEV-0006,CASE-0332,High,True,True,False
REC-0333,DEV-0078,CASE-0333,Low,False,False,False
REC-0334,DEV-0012,CASE-0334,Low,False,False,False
REC-0335,DEV-0059,CASE-0335,Critical,True,True,True
REC-0336,DEV-0197,CASE-0336,Critical,True,True,True
REC-0337,DEV-0026,CASE-0337,Low,False,False,False
REC-0338,DEV-0033,CASE-0338,Low,False,False,False
REC-0339,DEV-0188,CASE-0339,Low,False,False,False
REC-0340,DEV-0087,CASE-0340,High,True,True,False
REC-0341,DEV-0031,CASE-0341,High,True,True,False
REC-0342,DEV-0134,CASE-0342,Critical,True,True,True
REC-0343,DEV-0126,CASE-0343,Medium,True,False,False
REC-0344,DEV-0089,CASE-0344,Medium,True,False,False
REC-0345,DEV-0004,CASE-0345,Medium,True,False,False
REC-0346,DEV-0170,CASE-0346,Medium,True,False,False
REC-0347,DEV-0037,CASE-0347,High,True,True,False
REC-0348,DEV-0178,CASE-0348,High,True,True,False
REC-0349,DEV-0188,CASE-0349,High,True,True,False
REC-0350,DEV-0217,CASE-0350,Low,False,False,False
REC-0351,DEV-0152,CASE-0351,Critical,True,True,True
REC-0352,DEV-0021,CASE-0352,Medium,True,False,False
REC-0353,DEV-0246,CASE-0353,High,True,True,False
REC-0354,DEV-0133,CASE-0354,Low,False,False,False
REC-0355,DEV-0027,CASE-0355,Medium,True,False,False
REC-0356,DEV-0190,CASE-0356,High,True,True,False
REC-0357,DEV-0094,CASE-0357,Medium,True,False,False
REC-0358,DEV-0226,CASE-0358,Medium,True,False,False
REC-0359,DEV-0214,CASE-0359,Medium,True,False,False
REC-0360,DEV-0161,CASE-0360,Medium,True,False,False
REC-0361,DEV-0039,CASE-0361,Low,False,False,False
REC-0362,DEV-0068,CASE-0362,Low,False,False,False
REC-0363,DEV-0128,CASE-0363,Critical,True,True,True
REC-0364,DEV-0031,CASE-0364,High,True,True,False
REC-0365,DEV-0052,CASE-0365,Low,False,False,False
REC-0366,DEV-0121,CASE-0366,Low,False,False,False
REC-0367,DEV-0070,CASE-0367,Medium,True,False,False
REC-0368,DEV-0109,CASE-0368,Low,False,False,False
REC-0369,DEV-0097,CASE-0369,Low,False,False,False
REC-0370,DEV-0228,CASE-0370,Medium,True,False,False
REC-0371,DEV-0238,CASE-0371,Medium,True,False,False
REC-0372,DEV-0041,CASE-0372,Critical,True,True,True
REC-0373,DEV-0146,CASE-0373,Low,False,False,False
REC-0374,DEV-0107,CASE-0374,Critical,True,True,True
REC-0375,DEV-0194,CASE-0375,Low,False,False,False
REC-0376,DEV-0152,CASE-0376,Low,False,False,False
REC-0377,DEV-0090,CASE-0377,Medium,True,False,False
REC-0378,DEV-0013,CASE-0378,Medium,True,False,False
REC-0379,DEV-0084,CASE-0379,Low,False,False,False
REC-0380,DEV-0018,CASE-0380,High,True,True,False
REC-0381,DEV-0192,CASE-0381,Low,False,False,False
REC-0382,DEV-0119,CASE-0382,Low,False,False,False
REC-0383,DEV-0082,CASE-0383,Medium,True,False,False
REC-0384,DEV-0228,CASE-0384,High,True,True,False
REC-0385,DEV-0137,CASE-0385,High,True,True,False
REC-0386,DEV-0085,CASE-0386,High,True,True,False
REC-0387,DEV-0226,CASE-0387,Medium,True,False,False
REC-0388,DEV-0110,CASE-0388,High,True,True,False
REC-0389,DEV-0042,CASE-0389,Medium,True,False,False
REC-0390,DEV-0003,CASE-0390,Low,False,False,False
REC-0391,DEV-0151,CASE-0391,Medium,True,False,False
REC-0392,DEV-0240,CASE-0392,High,True,True,False
REC-0393,DEV-0222,CASE-0393,Medium,True,False,False
REC-0394,DEV-0226,CASE-0394,Low,False,False,False
REC-0395,DEV-0121,CASE-0395,High,True,True,False
REC-0396,DEV-0009,CASE-0396,Low,False,False,False
REC-0397,DEV-0098,CASE-0397,Medium,True,False,False
REC-0398,DEV-0201,CASE-0398,Medium,True,False,False
REC-0399,DEV-0027,CASE-0399,Medium,True,False,False
REC-0400,DEV-0084,CASE-0400,Critical,True,True,True
REC-0401,DEV-0109,CASE-0401,High,True,True,False
REC-0402,DEV-0128,CASE-0402,Critical,True,True,True
REC-0403,DEV-0147,CASE-0403,Low,False,False,False
REC-0404,DEV-0238,CASE-0404,Medium,True,False,False
REC-0405,DEV-0021,CASE-0405,High,True,True,False
REC-0406,DEV-0019,CASE-0406,Low,False,False,False
REC-0407,DEV-0081,CASE-0407,Low,False,False,False
REC-0408,DEV-0211,CASE-0408,Medium,True,False,False
REC-0409,DEV-0065,CASE-0409,High,True,True,False
REC-0410,DEV-0072,CASE-0410,Medium,True,False,False
REC-0411,DEV-0004,CASE-0411,Low,False,False,False
REC-0412,DEV-0106,CASE-0412,High,True,True,False
REC-0413,DEV-0198,CASE-0413,Medium,True,False,False
REC-0414,DEV-0076,CASE-0414,Medium,True,False,False
REC-0415,DEV-0187,CASE-0415,Medium,True,False,False
REC-0416,DEV-0249,CASE-0416,Medium,True,False,False
REC-0417,DEV-0237,CASE-0417,Medium,True,False,False
REC-0418,DEV-0067,CASE-0418,Critical,True,True,True
REC-0419,DEV-0125,CASE-0419,High,True,True,False
REC-0420,DEV-0231,CASE-0420,Low,False,False,False
REC-0421,DEV-0002,CASE-0421,Medium,True,False,False
REC-0422,DEV-0053,CASE-0422,High,True,True,False
REC-0423,DEV-0029,CASE-0423,Low,False,False,False
REC-0424,DEV-0159,CASE-0424,High,True,True,False
REC-0425,DEV-0010,CASE-0425,High,True,True,False
REC-0426,DEV-0123,CASE-0426,Critical,True,True,True
REC-0427,DEV-0217,CASE-0427,Low,False,False,False
REC-0428,DEV-0094,CASE-0428,Medium,True,False,False
REC-0429,DEV-0179,CASE-0429,High,True,True,False
REC-0430,DEV-0180,CASE-0430,High,True,True,False
REC-0431,DEV-0117,CASE-0431,Critical,True,True,True
REC-0432,DEV-0059,CASE-0432,Medium,True,False,False
REC-0433,DEV-0234,CASE-0433,Critical,True,True,True
REC-0434,DEV-0032,CASE-0434,Medium,True,False,False
REC-0435,DEV-0100,CASE-0435,High,True,True,False
REC-0436,DEV-0159,CASE-0436,High,True,True,False
REC-0437,DEV-0132,CASE-0437,Medium,True,False,False
REC-0438,DEV-0009,CASE-0438,High,True,True,False
REC-0439,DEV-0106,CASE-0439,Critical,True,True,True
REC-0440,DEV-0044,CASE-0440,Medium,True,False,False
REC-0441,DEV-0068,CASE-0441,Medium,True,False,False
REC-0442,DEV-0106,CASE-0442,Medium,True,False,False
REC-0443,DEV-0049,CASE-0443,Low,False,False,False
REC-0444,DEV-0008,CASE-0444,Low,False,False,False
REC-0445,DEV-0188,CASE-0445,Medium,True,False,False
REC-0446,DEV-0022,CASE-0446,Medium,True,False,False
REC-0447,DEV-0046,CASE-0447,Low,False,False,False
REC-0448,DEV-0022,CASE-0448,Low,False,False,False
REC-0449,DEV-0186,CASE-0449,Medium,True,False,False
REC-0450,DEV-0139,CASE-0450,High,True,True,False
REC-0451,DEV-0247,CASE-0451,Low,False,False,False
REC-0452,DEV-0029,CASE-0452,High,True,True,False
REC-0453,DEV-0247,CASE-0453,Medium,True,False,False
REC-0454,DEV-0099,CASE-0454,Medium,True,False,False
REC-0455,DEV-0103,CASE-0455,Medium,True,False,False
REC-0456,DEV-0051,CASE-0456,Low,False,False,False
REC-0457,DEV-0212,CASE-0457,Medium,True,False,False
REC-0458,DEV-0232,CASE-0458,Medium,True,False,False
REC-0459,DEV-0004,CASE-0459,Medium,True,False,False
REC-0460,DEV-0142,CASE-0460,Medium,True,False,False
REC-0461,DEV-0219,CASE-0461,Low,False,False,False
REC-0462,DEV-0241,CASE-0462,Medium,True,False,False
REC-0463,DEV-0001,CASE-0463,Low,False,False,False
REC-0464,DEV-0240,CASE-0464,High,True,True,False
REC-0465,DEV-0053,CASE-0465,Critical,True,True,True
REC-0466,DEV-0108,CASE-0466,Critical,True,True,True
REC-0467,DEV-0118,CASE-0467,Medium,True,False,False
REC-0468,DEV-0086,CASE-0468,Medium,True,False,False
REC-0469,DEV-0095,CASE-0469,Medium,True,False,False
REC-0470,DEV-0238,CASE-0470,High,True,True,False
REC-0471,DEV-0107,CASE-0471,Critical,True,True,True
REC-0472,DEV-0200,CASE-0472,High,True,True,False
REC-0473,DEV-0242,CASE-0473,Low,False,False,False
REC-0474,DEV-0151,CASE-0474,Low,False,False,False
REC-0475,DEV-0068,CASE-0475,Medium,True,False,False
REC-0476,DEV-0006,CASE-0476,Critical,True,True,True
REC-0477,DEV-0236,CASE-0477,Medium,True,False,False
REC-0478,DEV-0207,CASE-0478,High,True,True,False
REC-0479,DEV-0038,CASE-0479,Medium,True,False,False
REC-0480,DEV-0186,CASE-0480,Medium,True,False,False
REC-0481,DEV-0153,CASE-0481,High,True,True,False
REC-0482,DEV-0077,CASE-0482,Medium,True,False,False
REC-0483,DEV-0240,CASE-0483,Medium,True,False,False
REC-0484,DEV-0223,CASE-0484,Medium,True,False,False
REC-0485,DEV-0156,CASE-0485,Medium,True,False,False
REC-0486,DEV-0204,CASE-0486,High,True,True,False
REC-0487,DEV-0166,CASE-0487,Medium,True,False,False
REC-0488,DEV-0122,CASE-0488,Low,False,False,False
REC-0489,DEV-0148,CASE-0489,Medium,True,False,False
REC-0490,DEV-0123,CASE-0490,Medium,True,False,False
REC-0491,DEV-0128,CASE-0491,Medium,True,False,False
REC-0492,DEV-0175,CASE-0492,Low,False,False,False
REC-0493,DEV-0177,CASE-0493,High,True,True,False
REC-0494,DEV-0122,CASE-0494,Low,False,False,False
REC-0495,DEV-0075,CASE-0495,Medium,True,False,False
REC-0496,DEV-0172,CASE-0496,Medium,True,False,False
REC-0497,DEV-0019,CASE-0497,Medium,True,False,False
REC-0498,DEV-0052,CASE-0498,High,True,True,False
REC-0499,DEV-0006,CASE-0499,Medium,True,False,False
REC-0500,DEV-0220,CASE-0500,Low,False,False,False
REC-0501,DEV-0067,CASE-0501,High,True,True,False
REC-0502,DEV-0203,CASE-0502,Medium,True,False,False
REC-0503,DEV-0178,CASE-0503,Medium,True,False,False
REC-0504,DEV-0011,CASE-0504,High,True,True,False
REC-0505,DEV-0130,CASE-0505,Medium,True,False,False
REC-0506,DEV-0104,CASE-0506,Medium,True,False,False
REC-0507,DEV-0127,CASE-0507,Low,False,False,False
REC-0508,DEV-0080,CASE-0508,High,True,True,False
REC-0509,DEV-0234,CASE-0509,High,True,True,False
REC-0510,DEV-0034,CASE-0510,Low,False,False,False
REC-0511,DEV-0211,CASE-0511,Medium,True,False,False
REC-0512,DEV-0030,CASE-0512,Medium,True,False,False
REC-0513,DEV-0035,CASE-0513,Low,False,False,False
REC-0514,DEV-0119,CASE-0514,Low,False,False,False
REC-0515,DEV-0048,CASE-0515,Medium,True,False,False
REC-0516,DEV-0015,CASE-0516,High,True,True,False
REC-0517,DEV-0223,CASE-0517,Low,False,False,False
REC-0518,DEV-0178,CASE-0518,Medium,True,False,False
REC-0519,DEV-0074,CASE-0519,Low,False,False,False
REC-0520,DEV-0239,CASE-0520,Critical,True,True,True
REC-0521,DEV-0078,CASE-0521,Low,False,False,False
REC-0522,DEV-0022,CASE-0522,Low,False,False,False
REC-0523,DEV-0182,CASE-0523,High,True,True,False
REC-0524,DEV-0075,CASE-0524,Low,False,False,False
REC-0525,DEV-0186,CASE-0525,High,True,True,False
REC-0526,DEV-0094,CASE-0526,Medium,True,False,False
REC-0527,DEV-0139,CASE-0527,Critical,True,True,True
REC-0528,DEV-0028,CASE-0528,Medium,True,False,False
REC-0529,DEV-0008,CASE-0529,Critical,True,True,True
REC-0530,DEV-0206,CASE-0530,Low,False,False,False
REC-0531,DEV-0150,CASE-0531,Medium,True,False,False
REC-0532,DEV-0131,CASE-0532,Critical,True,True,True
REC-0533,DEV-0227,CASE-0533,Low,False,False,False
REC-0534,DEV-0051,CASE-0534,Low,False,False,False
REC-0535,DEV-0100,CASE-0535,Medium,True,False,False
REC-0536,DEV-0190,CASE-0536,Critical,True,True,True
REC-0537,DEV-0014,CASE-0537,Medium,True,False,False
REC-0538,DEV-0068,CASE-0538,Low,False,False,False
REC-0539,DEV-0152,CASE-0539,Medium,True,False,False
REC-0540,DEV-0104,CASE-0540,High,True,True,False
REC-0541,DEV-0101,CASE-0541,Low,False,False,False
REC-0542,DEV-0242,CASE-0542,Low,False,False,False
REC-0543,DEV-0095,CASE-0543,High,True,True,False
REC-0544,DEV-0134,CASE-0544,High,True,True,False
REC-0545,DEV-0149,CASE-0545,Medium,True,False,False
REC-0546,DEV-0074,CASE-0546,Medium,True,False,False
REC-0547,DEV-0165,CASE-0547,Medium,True,False,False
REC-0548,DEV-0048,CASE-0548,Critical,True,True,True
REC-0549,DEV-0221,CASE-0549,Low,False,False,False
REC-0550,DEV-0002,CASE-0550,Low,False,False,False
REC-0551,DEV-0062,CASE-0551,High,True,True,False
REC-0552,DEV-0186,CASE-0552,Low,False,False,False
REC-0553,DEV-0220,CASE-0553,Medium,True,False,False
REC-0554,DEV-0049,CASE-0554,Medium,True,False,False
REC-0555,DEV-0209,CASE-0555,Critical,True,True,True
REC-0556,DEV-0126,CASE-0556,Medium,True,False,False
REC-0557,DEV-0061,CASE-0557,High,True,True,False
REC-0558,DEV-0117,CASE-0558,Medium,True,False,False
REC-0559,DEV-0248,CASE-0559,High,True,True,False
REC-0560,DEV-0126,CASE-0560,Medium,True,False,False
REC-0561,DEV-0242,CASE-0561,High,True,True,False
REC-0562,DEV-0107,CASE-0562,High,True,True,False
REC-0563,DEV-0055,CASE-0563,High,True,True,False
REC-0564,DEV-0181,CASE-0564,High,True,True,False
REC-0565,DEV-0211,CASE-0565,High,True,True,False
REC-0566,DEV-0229,CASE-0566,Critical,True,True,True
REC-0567,DEV-0078,CASE-0567,Medium,True,False,False
REC-0568,DEV-0138,CASE-0568,High,True,True,False
REC-0569,DEV-0061,CASE-0569,Low,False,False,False
REC-0570,DEV-0161,CASE-0570,High,True,True,False
REC-0571,DEV-0031,CASE-0571,High,True,True,False
REC-0572,DEV-0130,CASE-0572,High,True,True,False
REC-0573,DEV-0017,CASE-0573,Medium,True,False,False
REC-0574,DEV-0224,CASE-0574,High,True,True,False
REC-0575,DEV-0080,CASE-0575,Medium,True,False,False
REC-0576,DEV-0204,CASE-0576,High,True,True,False
REC-0577,DEV-0111,CASE-0577,High,True,True,False
REC-0578,DEV-0144,CASE-0578,Critical,True,True,True
REC-0579,DEV-0029,CASE-0579,Medium,True,False,False
REC-0580,DEV-0041,CASE-0580,Medium,True,False,False
REC-0581,DEV-0059,CASE-0581,Low,False,False,False
REC-0582,DEV-0010,CASE-0582,Low,False,False,False
REC-0583,DEV-0215,CASE-0583,Low,False,False,False
REC-0584,DEV-0003,CASE-0584,Medium,True,False,False
REC-0585,DEV-0054,CASE-0585,Medium,True,False,False
REC-0586,DEV-0077,CASE-0586,Critical,True,True,True
REC-0587,DEV-0090,CASE-0587,High,True,True,False
REC-0588,DEV-0116,CASE-0588,Medium,True,False,False
REC-0589,DEV-0070,CASE-0589,Medium,True,False,False
REC-0590,DEV-0065,CASE-0590,High,True,True,False
REC-0591,DEV-0175,CASE-0591,Low,False,False,False
REC-0592,DEV-0070,CASE-0592,Low,False,False,False
REC-0593,DEV-0121,CASE-0593,Medium,True,False,False
REC-0594,DEV-0071,CASE-0594,Medium,True,False,False
REC-0595,DEV-0175,CASE-0595,Medium,True,False,False
REC-0596,DEV-0045,CASE-0596,Critical,True,True,True
REC-0597,DEV-0172,CASE-0597,Medium,True,False,False
REC-0598,DEV-0150,CASE-0598,Medium,True,False,False
REC-0599,DEV-0112,CASE-0599,Low,False,False,False
REC-0600,DEV-0083,CASE-0600,High,True,True,False
REC-0601,DEV-0001,CASE-0601,Medium,True,False,False
REC-0602,DEV-0245,CASE-0602,Medium,True,False,False
REC-0603,DEV-0177,CASE-0603,High,True,True,False
REC-0604,DEV-0222,CASE-0604,High,True,True,False
REC-0605,DEV-0158,CASE-0605,Critical,True,True,True
REC-0606,DEV-0191,CASE-0606,Low,False,False,False
REC-0607,DEV-0158,CASE-0607,High,True,True,False
REC-0608,DEV-0236,CASE-0608,Medium,True,False,False
REC-0609,DEV-0162,CASE-0609,Low,False,False,False
REC-0610,DEV-0012,CASE-0610,Critical,True,True,True
REC-0611,DEV-0077,CASE-0611,Medium,True,False,False
REC-0612,DEV-0187,CASE-0612,High,True,True,False
REC-0613,DEV-0042,CASE-0613,Medium,True,False,False
REC-0614,DEV-0154,CASE-0614,Medium,True,False,False
REC-0615,DEV-0250,CASE-0615,High,True,True,False
REC-0616,DEV-0054,CASE-0616,Medium,True,False,False
REC-0617,DEV-0230,CASE-0617,Low,False,False,False
REC-0618,DEV-0062,CASE-0618,Low,False,False,False
REC-0619,DEV-0164,CASE-0619,High,True,True,False
REC-0620,DEV-0065,CASE-0620,Low,False,False,False
REC-0621,DEV-0056,CASE-0621,Low,False,False,False
REC-0622,DEV-0160,CASE-0622,Medium,True,False,False
REC-0623,DEV-0056,CASE-0623,Low,False,False,False
REC-0624,DEV-0015,CASE-0624,High,True,True,False
REC-0625,DEV-0132,CASE-0625,Critical,True,True,True
REC-0626,DEV-0122,CASE-0626,Medium,True,False,False
REC-0627,DEV-0204,CASE-0627,High,True,True,False
REC-0628,DEV-0237,CASE-0628,Critical,True,True,True
REC-0629,DEV-0164,CASE-0629,Critical,True,True,True
REC-0630,DEV-0044,CASE-0630,Medium,True,False,False
REC-0631,DEV-0236,CASE-0631,Critical,True,True,True
REC-0632,DEV-0245,CASE-0632,Medium,True,False,False
REC-0633,DEV-0112,CASE-0633,Low,False,False,False
REC-0634,DEV-0157,CASE-0634,Critical,True,True,True
REC-0635,DEV-0221,CASE-0635,Medium,True,False,False
REC-0636,DEV-0177,CASE-0636,High,True,True,False
REC-0637,DEV-0102,CASE-0637,High,True,True,False
REC-0638,DEV-0187,CASE-0638,Medium,True,False,False
REC-0639,DEV-0111,CASE-0639,Medium,True,False,False
REC-0640,DEV-0228,CASE-0640,Critical,True,True,True
REC-0641,DEV-0207,CASE-0641,Critical,True,True,True
REC-0642,DEV-0247,CASE-0642,Medium,True,False,False
REC-0643,DEV-0097,CASE-0643,Low,False,False,False
REC-0644,DEV-0116,CASE-0644,Low,False,False,False
REC-0645,DEV-0208,CASE-0645,Low,False,False,False
REC-0646,DEV-0125,CASE-0646,Low,False,False,False
REC-0647,DEV-0159,CASE-0647,Medium,True,False,False
REC-0648,DEV-0148,CASE-0648,Medium,True,False,False
REC-0649,DEV-0021,CASE-0649,High,True,True,False
REC-0650,DEV-0133,CASE-0650,Medium,True,False,False
REC-0651,DEV-0212,CASE-0651,High,True,True,False
REC-0652,DEV-0102,CASE-0652,Medium,True,False,False
REC-0653,DEV-0150,CASE-0653,Medium,True,False,False
REC-0654,DEV-0029,CASE-0654,Critical,True,True,True
REC-0655,DEV-0221,CASE-0655,Critical,True,True,True
REC-0656,DEV-0241,CASE-0656,Medium,True,False,False
REC-0657,DEV-0192,CASE-0657,Low,False,False,False
REC-0658,DEV-0211,CASE-0658,Low,False,False,False
REC-0659,DEV-0077,CASE-0659,Low,False,False,False
REC-0660,DEV-0130,CASE-0660,Critical,True,True,True
REC-0661,DEV-0205,CASE-0661,Medium,True,False,False
REC-0662,DEV-0081,CASE-0662,Medium,True,False,False
REC-0663,DEV-0078,CASE-0663,High,True,True,False
REC-0664,DEV-0069,CASE-0664,High,True,True,False
REC-0665,DEV-0092,CASE-0665,High,True,True,False
REC-0666,DEV-0090,CASE-0666,Critical,True,True,True
REC-0667,DEV-0227,CASE-0667,Medium,True,False,False
REC-0668,DEV-0232,CASE-0668,High,True,True,False
REC-0669,DEV-0033,CASE-0669,Medium,True,False,False
REC-0670,DEV-0045,CASE-0670,Medium,True,False,False
REC-0671,DEV-0162,CASE-0671,Medium,True,False,False
REC-0672,DEV-0145,CASE-0672,Medium,True,False,False
REC-0673,DEV-0203,CASE-0673,Medium,True,False,False
REC-0674,DEV-0095,CASE-0674,High,True,True,False
REC-0675,DEV-0219,CASE-0675,Low,False,False,False
REC-0676,DEV-0123,CASE-0676,Low,False,False,False
REC-0677,DEV-0224,CASE-0677,Medium,True,False,False
REC-0678,DEV-0126,CASE-0678,Low,False,False,False
REC-0679,DEV-0057,CASE-0679,Low,False,False,False
REC-0680,DEV-0226,CASE-0680,Medium,True,False,False
REC-0681,DEV-0068,CASE-0681,Medium,True,False,False
REC-0682,DEV-0172,CASE-0682,Medium,True,False,False
REC-0683,DEV-0242,CASE-0683,Medium,True,False,False
REC-0684,DEV-0013,CASE-0684,Critical,True,True,True
REC-0685,DEV-0178,CASE-0685,High,True,True,False
REC-0686,DEV-0018,CASE-0686,High,True,True,False
REC-0687,DEV-0096,CASE-0687,High,True,True,False
REC-0688,DEV-0009,CASE-0688,Low,False,False,False
REC-0689,DEV-0047,CASE-0689,High,True,True,False
REC-0690,DEV-0057,CASE-0690,Critical,True,True,True
REC-0691,DEV-0247,CASE-0691,Medium,True,False,False
REC-0692,DEV-0173,CASE-0692,Low,False,False,False
REC-0693,DEV-0156,CASE-0693,Medium,True,False,False
REC-0694,DEV-0066,CASE-0694,Low,False,False,False
REC-0695,DEV-0017,CASE-0695,Low,False,False,False
REC-0696,DEV-0165,CASE-0696,High,True,True,False
REC-0697,DEV-0069,CASE-0697,High,True,True,False
REC-0698,DEV-0225,CASE-0698,Medium,True,False,False
REC-0699,DEV-0233,CASE-0699,Low,False,False,False
REC-0700,DEV-0164,CASE-0700,Low,False,False,False
REC-0701,DEV-0134,CASE-0701,Medium,True,False,False
REC-0702,DEV-0014,CASE-0702,High,True,True,False
REC-0703,DEV-0187,CASE-0703,Medium,True,False,False
REC-0704,DEV-0228,CASE-0704,Medium,True,False,False
REC-0705,DEV-0174,CASE-0705,Medium,True,False,False
REC-0706,DEV-0096,CASE-0706,Medium,True,False,False
REC-0707,DEV-0027,CASE-0707,High,True,True,False
REC-0708,DEV-0128,CASE-0708,High,True,True,False
REC-0709,DEV-0057,CASE-0709,Medium,True,False,False
REC-0710,DEV-0042,CASE-0710,Medium,True,False,False
REC-0711,DEV-0207,CASE-0711,High,True,True,False
REC-0712,DEV-0242,CASE-0712,Medium,True,False,False
REC-0713,DEV-0156,CASE-0713,Critical,True,True,True
REC-0714,DEV-0029,CASE-0714,Low,False,False,False
REC-0715,DEV-0059,CASE-0715,Medium,True,False,False
REC-0716,DEV-0078,CASE-0716,Critical,True,True,True
REC-0717,DEV-0060,CASE-0717,Medium,True,False,False
REC-0718,DEV-0004,CASE-0718,High,True,True,False
REC-0719,DEV-0122,CASE-0719,Critical,True,True,True
REC-0720,DEV-0045,CASE-0720,High,True,True,False
REC-0721,DEV-0110,CASE-0721,Medium,True,False,False
REC-0722,DEV-0029,CASE-0722,Medium,True,False,False
REC-0723,DEV-0215,CASE-0723,Low,False,False,False
REC-0724,DEV-0191,CASE-0724,High,True,True,False
REC-0725,DEV-0178,CASE-0725,Medium,True,False,False
REC-0726,DEV-0011,CASE-0726,High,True,True,False
REC-0727,DEV-0213,CASE-0727,High,True,True,False
REC-0728,DEV-0062,CASE-0728,Critical,True,True,True
REC-0729,DEV-0113,CASE-0729,Medium,True,False,False
REC-0730,DEV-0121,CASE-0730,Medium,True,False,False
REC-0731,DEV-0197,CASE-0731,Low,False,False,False
REC-0732,DEV-0007,CASE-0732,High,True,True,False
REC-0733,DEV-0021,CASE-0733,Medium,True,False,False
REC-0734,DEV-0214,CASE-0734,High,True,True,False
REC-0735,DEV-0218,CASE-0735,Medium,True,False,False
REC-0736,DEV-0104,CASE-0736,High,True,True,False
REC-0737,DEV-0145,CASE-0737,High,True,True,False
REC-0738,DEV-0200,CASE-0738,High,True,True,False
REC-0739,DEV-0229,CASE-0739,Medium,True,False,False
REC-0740,DEV-0242,CASE-0740,Critical,True,True,True
REC-0741,DEV-0119,CASE-0741,Low,False,False,False
REC-0742,DEV-0172,CASE-0742,Critical,True,True,True
REC-0743,DEV-0045,CASE-0743,Medium,True,False,False
REC-0744,DEV-0025,CASE-0744,Low,False,False,False
REC-0745,DEV-0106,CASE-0745,High,True,True,False
REC-0746,DEV-0005,CASE-0746,Low,False,False,False
REC-0747,DEV-0243,CASE-0747,Critical,True,True,True
REC-0748,DEV-0233,CASE-0748,Medium,True,False,False
REC-0749,DEV-0220,CASE-0749,High,True,True,False
REC-0750,DEV-0063,CASE-0750,Medium,True,False,False
REC-0751,DEV-0175,CASE-0751,Medium,True,False,False
REC-0752,DEV-0249,CASE-0752,High,True,True,False
REC-0753,DEV-0048,CASE-0753,Low,False,False,False
REC-0754,DEV-0093,CASE-0754,Critical,True,True,True
REC-0755,DEV-0151,CASE-0755,Medium,True,False,False
REC-0756,DEV-0059,CASE-0756,Low,False,False,False
REC-0757,DEV-0175,CASE-0757,High,True,True,False
REC-0758,DEV-0155,CASE-0758,Medium,True,False,False
REC-0759,DEV-0139,CASE-0759,Medium,True,False,False
REC-0760,DEV-0224,CASE-0760,Critical,True,True,True
REC-0761,DEV-0067,CASE-0761,High,True,True,False
REC-0762,DEV-0152,CASE-0762,High,True,True,False
REC-0763,DEV-0066,CASE-0763,Low,False,False,False
REC-0764,DEV-0234,CASE-0764,Critical,True,True,True
REC-0765,DEV-0110,CASE-0765,Low,False,False,False
REC-0766,DEV-0105,CASE-0766,Medium,True,False,False
REC-0767,DEV-0220,CASE-0767,Critical,True,True,True
REC-0768,DEV-0184,CASE-0768,Medium,True,False,False
REC-0769,DEV-0078,CASE-0769,Low,False,False,False
REC-0770,DEV-0201,CASE-0770,Low,False,False,False
REC-0771,DEV-0094,CASE-0771,High,True,True,False
REC-0772,DEV-0036,CASE-0772,Critical,True,True,True
REC-0773,DEV-0023,CASE-0773,High,True,True,False
REC-0774,DEV-0049,CASE-0774,High,True,True,False
REC-0775,DEV-0008,CASE-0775,Critical,True,True,True
REC-0776,DEV-0083,CASE-0776,High,True,True,False
REC-0777,DEV-0013,CASE-0777,Low,False,False,False
REC-0778,DEV-0016,CASE-0778,Medium,True,False,False
REC-0779,DEV-0219,CASE-0779,Medium,True,False,False
REC-0780,DEV-0023,CASE-0780,Low,False,False,False
REC-0781,DEV-0195,CASE-0781,High,True,True,False
REC-0782,DEV-0184,CASE-0782,Low,False,False,False
REC-0783,DEV-0121,CASE-0783,Medium,True,False,False
REC-0784,DEV-0094,CASE-0784,Medium,True,False,False
REC-0785,DEV-0131,CASE-0785,Medium,True,False,False
REC-0786,DEV-0028,CASE-0786,High,True,True,False
REC-0787,DEV-0154,CASE-0787,Low,False,False,False
REC-0788,DEV-0149,CASE-0788,Medium,True,False,False
REC-0789,DEV-0124,CASE-0789,Medium,True,False,False
REC-0790,DEV-0207,CASE-0790,Medium,True,False,False
REC-0791,DEV-0228,CASE-0791,Low,False,False,False
REC-0792,DEV-0098,CASE-0792,High,True,True,False
REC-0793,DEV-0157,CASE-0793,Medium,True,False,False
REC-0794,DEV-0206,CASE-0794,Medium,True,False,False
REC-0795,DEV-0007,CASE-0795,Medium,True,False,False
REC-0796,DEV-0101,CASE-0796,Medium,True,False,False
REC-0797,DEV-0117,CASE-0797,Medium,True,False,False
REC-0798,DEV-0028,CASE-0798,Medium,True,False,False
REC-0799,DEV-0104,CASE-0799,Low,False,False,False
REC-0800,DEV-0058,CASE-0800,Medium,True,False,False
REC-0801,DEV-0034,CASE-0801,Critical,True,True,True
REC-0802,DEV-0038,CASE-0802,High,True,True,False
REC-0803,DEV-0045,CASE-0803,Medium,True,False,False
REC-0804,DEV-0244,CASE-0804,Medium,True,False,False
REC-0805,DEV-0063,CASE-0805,High,True,True,False
REC-0806,DEV-0216,CASE-0806,Low,False,False,False
REC-0807,DEV-0155,CASE-0807,Medium,True,False,False
REC-0808,DEV-0069,CASE-0808,High,True,True,False
REC-0809,DEV-0245,CASE-0809,Medium,True,False,False
REC-0810,DEV-0092,CASE-0810,Low,False,False,False
REC-0811,DEV-0146,CASE-0811,High,True,True,False
REC-0812,DEV-0218,CASE-0812,Critical,True,True,True
REC-0813,DEV-0089,CASE-0813,Low,False,False,False
REC-0814,DEV-0193,CASE-0814,High,True,True,False
REC-0815,DEV-0190,CASE-0815,Medium,True,False,False
REC-0816,DEV-0145,CASE-0816,Medium,True,False,False
REC-0817,DEV-0037,CASE-0817,High,True,True,False
REC-0818,DEV-0170,CASE-0818,Medium,True,False,False
REC-0819,DEV-0073,CASE-0819,High,True,True,False
REC-0820,DEV-0239,CASE-0820,Low,False,False,False
REC-0821,DEV-0020,CASE-0821,Medium,True,False,False
REC-0822,DEV-0127,CASE-0822,High,True,True,False
REC-0823,DEV-0222,CASE-0823,Critical,True,True,True
REC-0824,DEV-0113,CASE-0824,Medium,True,False,False
REC-0825,DEV-0076,CASE-0825,Medium,True,False,False
REC-0826,DEV-0051,CASE-0826,Critical,True,True,True
REC-0827,DEV-0071,CASE-0827,High,True,True,False
REC-0828,DEV-0075,CASE-0828,Medium,True,False,False
REC-0829,DEV-0236,CASE-0829,Medium,True,False,False
REC-0830,DEV-0002,CASE-0830,Low,False,False,False
REC-0831,DEV-0122,CASE-0831,High,True,True,False
REC-0832,DEV-0018,CASE-0832,High,True,True,False
REC-0833,DEV-0171,CASE-0833,High,True,True,False
REC-0834,DEV-0184,CASE-0834,Critical,True,True,True
REC-0835,DEV-0134,CASE-0835,Medium,True,False,False
REC-0836,DEV-0186,CASE-0836,Medium,True,False,False
REC-0837,DEV-0085,CASE-0837,Critical,True,True,True
REC-0838,DEV-0086,CASE-0838,Medium,True,False,False
REC-0839,DEV-0173,CASE-0839,High,True,True,False
REC-0840,DEV-0015,CASE-0840,Critical,True,True,True
REC-0841,DEV-0164,CASE-0841,Medium,True,False,False
REC-0842,DEV-0156,CASE-0842,Medium,True,False,False
REC-0843,DEV-0068,CASE-0843,High,True,True,False
REC-0844,DEV-0140,CASE-0844,Medium,True,False,False
REC-0845,DEV-0073,CASE-0845,High,True,True,False
REC-0846,DEV-0128,CASE-0846,Critical,True,True,True
REC-0847,DEV-0207,CASE-0847,High,True,True,False
REC-0848,DEV-0247,CASE-0848,High,True,True,False
REC-0849,DEV-0152,CASE-0849,Low,False,False,False
REC-0850,DEV-0178,CASE-0850,High,True,True,False
REC-0851,DEV-0082,CASE-0851,Medium,True,False,False
REC-0852,DEV-0186,CASE-0852,Medium,True,False,False
REC-0853,DEV-0067,CASE-0853,Medium,True,False,False
REC-0854,DEV-0071,CASE-0854,Low,False,False,False
REC-0855,DEV-0176,CASE-0855,High,True,True,False
REC-0856,DEV-0020,CASE-0856,Low,False,False,False
REC-0857,DEV-0205,CASE-0857,Critical,True,True,True
REC-0858,DEV-0136,CASE-0858,Low,False,False,False
REC-0859,DEV-0113,CASE-0859,Medium,True,False,False
REC-0860,DEV-0061,CASE-0860,High,True,True,False
REC-0861,DEV-0129,CASE-0861,Critical,True,True,True
REC-0862,DEV-0103,CASE-0862,Medium,True,False,False
REC-0863,DEV-0136,CASE-0863,Low,False,False,False
REC-0864,DEV-0018,CASE-0864,Critical,True,True,True
REC-0865,DEV-0154,CASE-0865,Medium,True,False,False
REC-0866,DEV-0190,CASE-0866,Low,False,False,False
REC-0867,DEV-0033,CASE-0867,Low,False,False,False
REC-0868,DEV-0246,CASE-0868,Low,False,False,False
REC-0869,DEV-0079,CASE-0869,Low,False,False,False
REC-0870,DEV-0028,CASE-0870,High,True,True,False
REC-0871,DEV-0079,CASE-0871,Medium,True,False,False
REC-0872,DEV-0219,CASE-0872,Medium,True,False,False
REC-0873,DEV-0241,CASE-0873,Low,False,False,False
REC-0874,DEV-0244,CASE-0874,High,True,True,False
REC-0875,DEV-0248,CASE-0875,Medium,True,False,False
REC-0876,DEV-0036,CASE-0876,Critical,True,True,True
REC-0877,DEV-0112,CASE-0877,Medium,True,False,False
REC-0878,DEV-0003,CASE-0878,Medium,True,False,False
REC-0879,DEV-0186,CASE-0879,High,True,True,False
REC-0880,DEV-0072,CASE-0880,Medium,True,False,False
REC-0881,DEV-0228,CASE-0881,Low,False,False,False
REC-0882,DEV-0087,CASE-0882,Medium,True,False,False
REC-0883,DEV-0001,CASE-0883,Critical,True,True,True
REC-0884,DEV-0074,CASE-0884,High,True,True,False
REC-0885,DEV-0058,CASE-0885,Low,False,False,False
REC-0886,DEV-0246,CASE-0886,High,True,True,False
REC-0887,DEV-0057,CASE-0887,High,True,True,False
REC-0888,DEV-0150,CASE-0888,Medium,True,False,False
REC-0889,DEV-0205,CASE-0889,Medium,True,False,False
REC-0890,DEV-0031,CASE-0890,Medium,True,False,False
REC-0891,DEV-0077,CASE-0891,High,True,True,False
REC-0892,DEV-0032,CASE-0892,Medium,True,False,False
REC-0893,DEV-0051,CASE-0893,Medium,True,False,False
REC-0894,DEV-0239,CASE-0894,High,True,True,False
REC-0895,DEV-0148,CASE-0895,Medium,True,False,False
REC-0896,DEV-0145,CASE-0896,High,True,True,False
REC-0897,DEV-0180,CASE-0897,High,True,True,False
REC-0898,DEV-0090,CASE-0898,High,True,True,False
REC-0899,DEV-0153,CASE-0899,Critical,True,True,True
REC-0900,DEV-0024,CASE-0900,Medium,True,False,False
REC-0901,DEV-0090,CASE-0901,Low,False,False,False
REC-0902,DEV-0205,CASE-0902,Medium,True,False,False
REC-0903,DEV-0137,CASE-0903,High,True,True,False
REC-0904,DEV-0019,CASE-0904,Medium,True,False,False
REC-0905,DEV-0102,CASE-0905,High,True,True,False
REC-0906,DEV-0100,CASE-0906,Medium,True,False,False
REC-0907,DEV-0093,CASE-0907,Critical,True,True,True
REC-0908,DEV-0187,CASE-0908,Medium,True,False,False
REC-0909,DEV-0198,CASE-0909,Critical,True,True,True
REC-0910,DEV-0188,CASE-0910,Low,False,False,False
REC-0911,DEV-0195,CASE-0911,High,True,True,False
REC-0912,DEV-0048,CASE-0912,High,True,True,False
REC-0913,DEV-0003,CASE-0913,Medium,True,False,False
REC-0914,DEV-0030,CASE-0914,Medium,True,False,False
REC-0915,DEV-0111,CASE-0915,Medium,True,False,False
REC-0916,DEV-0194,CASE-0916,High,True,True,False
REC-0917,DEV-0012,CASE-0917,Medium,True,False,False
REC-0918,DEV-0046,CASE-0918,Medium,True,False,False
REC-0919,DEV-0142,CASE-0919,Low,False,False,False
REC-0920,DEV-0045,CASE-0920,High,True,True,False
REC-0921,DEV-0152,CASE-0921,Medium,True,False,False
REC-0922,DEV-0106,CASE-0922,Low,False,False,False
REC-0923,DEV-0007,CASE-0923,Critical,True,True,True
REC-0924,DEV-0013,CASE-0924,High,True,True,False
REC-0925,DEV-0055,CASE-0925,Low,False,False,False
REC-0926,DEV-0185,CASE-0926,High,True,True,False
REC-0927,DEV-0156,CASE-0927,Low,False,False,False
REC-0928,DEV-0218,CASE-0928,Critical,True,True,True
REC-0929,DEV-0089,CASE-0929,Medium,True,False,False
REC-0930,DEV-0127,CASE-0930,Medium,True,False,False
REC-0931,DEV-0172,CASE-0931,Low,False,False,False
REC-0932,DEV-0149,CASE-0932,Low,False,False,False
REC-0933,DEV-0236,CASE-0933,Medium,True,False,False
REC-0934,DEV-0115,CASE-0934,Critical,True,True,True
REC-0935,DEV-0022,CASE-0935,Medium,True,False,False
REC-0936,DEV-0022,CASE-0936,Medium,True,False,False
REC-0937,DEV-0115,CASE-0937,Critical,True,True,True
REC-0938,DEV-0012,CASE-0938,High,True,True,False
REC-0939,DEV-0148,CASE-0939,Critical,True,True,True
REC-0940,DEV-0116,CASE-0940,Medium,True,False,False
REC-0941,DEV-0176,CASE-0941,High,True,True,False
REC-0942,DEV-0119,CASE-0942,Medium,True,False,False
REC-0943,DEV-0240,CASE-0943,Critical,True,True,True
REC-0944,DEV-0024,CASE-0944,Low,False,False,False
REC-0945,DEV-0023,CASE-0945,High,True,True,False
REC-0946,DEV-0178,CASE-0946,High,True,True,False
REC-0947,DEV-0211,CASE-0947,High,True,True,False
REC-0948,DEV-0036,CASE-0948,Medium,True,False,False
REC-0949,DEV-0053,CASE-0949,Low,False,False,False
REC-0950,DEV-0115,CASE-0950,Low,False,False,False
REC-0951,DEV-0100,CASE-0951,Critical,True,True,True
REC-0952,DEV-0245,CASE-0952,Medium,True,False,False
REC-0953,DEV-0141,CASE-0953,Medium,True,False,False
REC-0954,DEV-0038,CASE-0954,High,True,True,False
REC-0955,DEV-0072,CASE-0955,High,True,True,False
REC-0956,DEV-0136,CASE-0956,Medium,True,False,False
REC-0957,DEV-0248,CASE-0957,Medium,True,False,False
REC-0958,DEV-0113,CASE-0958,Medium,True,False,False
REC-0959,DEV-0001,CASE-0959,Medium,True,False,False
REC-0960,DEV-0042,CASE-0960,Medium,True,False,False
REC-0961,DEV-0052,CASE-0961,High,True,True,False
REC-0962,DEV-0189,CASE-0962,Low,False,False,False
REC-0963,DEV-0163,CASE-0963,Medium,True,False,False
REC-0964,DEV-0034,CASE-0964,Critical,True,True,True
REC-0965,DEV-0003,CASE-0965,Low,False,False,False
REC-0966,DEV-0128,CASE-0966,Critical,True,True,True
REC-0967,DEV-0099,CASE-0967,Medium,True,False,False
REC-0968,DEV-0177,CASE-0968,Low,False,False,False
REC-0969,DEV-0181,CASE-0969,High,True,True,False
REC-0970,DEV-0145,CASE-0970,High,True,True,False
REC-0971,DEV-0149,CASE-0971,High,True,True,False
REC-0972,DEV-0097,CASE-0972,High,True,True,False
REC-0973,DEV-0027,CASE-0973,Medium,True,False,False
REC-0974,DEV-0118,CASE-0974,Medium,True,False,False
REC-0975,DEV-0180,CASE-0975,Medium,True,False,False
REC-0976,DEV-0053,CASE-0976,Medium,True,False,False
REC-0977,DEV-0150,CASE-0977,Low,False,False,False
REC-0978,DEV-0090,CASE-0978,Low,False,False,False
REC-0979,DEV-0058,CASE-0979,High,True,True,False
REC-0980,DEV-0207,CASE-0980,High,True,True,False
REC-0981,DEV-0138,CASE-0981,Medium,True,False,False
REC-0982,DEV-0023,CASE-0982,Medium,True,False,False
REC-0983,DEV-0200,CASE-0983,High,True,True,False
REC-0984,DEV-0230,CASE-0984,Critical,True,True,True
REC-0985,DEV-0002,CASE-0985,High,True,True,False
REC-0986,DEV-0249,CASE-0986,Critical,True,True,True
REC-0987,DEV-0236,CASE-0987,Medium,True,False,False
REC-0988,DEV-0116,CASE-0988,Low,False,False,False
REC-0989,DEV-0041,CASE-0989,Medium,True,False,False
REC-0990,DEV-0082,CASE-0990,High,True,True,False
REC-0991,DEV-0033,CASE-0991,Medium,True,False,False
REC-0992,DEV-0182,CASE-0992,High,True,True,False
REC-0993,DEV-0015,CASE-0993,Medium,True,False,False
REC-0994,DEV-0135,CASE-0994,High,True,True,False
REC-0995,DEV-0099,CASE-0995,Low,False,False,False
REC-0996,DEV-0129,CASE-0996,High,True,True,False
REC-0997,DEV-0100,CASE-0997,Medium,True,False,False
REC-0998,DEV-0021,CASE-0998,Medium,True,False,False
REC-0999,DEV-0134,CASE-0999,High,True,True,False
REC-1000,DEV-0242,CASE-1000,Medium,True,False,False
