recommendation_id,device_id,case_id,outcome_type,outcome_description,resolved_at
REC-0001,DEV-0103,CASE-0001,Recommendation Correct,Verified threat or vulnerability; action validated post-review.,2026-05-25
REC-0002,DEV-0038,CASE-0002,Recommendation Correct,Verified threat or vulnerability; action validated post-review.,2026-05-23
REC-0003,DEV-0244,CASE-0003,Recommendation Correct,Verified threat or vulnerability; action validated post-review.,2026-05-23
REC-0004,DEV-0172,CASE-0004,Recommendation Correct,Verified threat or vulnerability; action validated post-review.,2026-06-18
REC-0005,DEV-0228,CASE-0005,Recommendation Correct,Verified threat or vulnerability; action validated post-review.,2026-06-13
REC-0006,DEV-0089,CASE-0006,Recommendation Correct,Verified threat or vulnerability; action validated post-review.,2026-05-28
REC-0007,DEV-0162,CASE-0007,Recommendation Correct,Verified threat or vulnerability; action validated post-review.,2026-05-30
REC-0008,DEV-0103,CASE-0008,Recommendation Correct,Verified threat or vulnerability; action validated post-review.,2026-05-29
REC-0009,DEV-0036,CASE-0009,,,
REC-0010,DEV-0225,CASE-0010,False Positive,Benign activity misclassified; no actual security incident.,2026-06-09
REC-0011,DEV-0113,CASE-0011,Recommendation Correct,Verified threat or vulnerability; action validated post-review.,2026-05-27
REC-0012,DEV-0147,CASE-0012,False Positive,Benign activity misclassified; no actual security incident.,2026-05-30
REC-0013,DEV-0097,CASE-0013,False Positive,Benign activity misclassified; no actual security incident.,2026-05-31
REC-0014,DEV-0220,CASE-0014,Recommendation Correct,Verified threat or vulnerability; action validated post-review.,2026-06-16
REC-0015,DEV-0233,CASE-0015,,,
REC-0016,DEV-0093,CASE-0016,,,
REC-0017,DEV-0204,CASE-0017,False Positive,Benign activity misclassified; no actual security incident.,2026-05-23
REC-0018,DEV-0061,CASE-0018,,,
REC-0019,DEV-0225,CASE-0019,Recommendation Correct,Verified threat or vulnerability; action validated post-review.,2026-06-14
REC-0020,DEV-0234,CASE-0020,False Negative,Threat existed but was missed or dismissed incorrectly.,2026-06-21
REC-0021,DEV-0065,CASE-0021,False Positive,Benign activity misclassified; no actual security incident.,2026-06-16
REC-0022,DEV-0170,CASE-0022,False Positive,Benign activity misclassified; no actual security incident.,2026-06-11
REC-0023,DEV-0013,CASE-0023,,,
REC-0024,DEV-0122,CASE-0024,False Negative,Threat existed but was missed or dismissed incorrectly.,2026-05-23
REC-0025,DEV-0144,CASE-0025,False Negative,Threat existed but was missed or dismissed incorrectly.,2026-06-09
REC-0026,DEV-0222,CASE-0026,Recommendation Correct,Verified threat or vulnerability; action validated post-review.,2026-06-19
REC-0027,DEV-0219,CASE-0027,Recommendation Correct,Verified threat or vulnerability; action validated post-review.,2026-06-02
REC-0028,DEV-0012,CASE-0028,False Positive,Benign activity misclassified; no actual security incident.,2026-06-11
REC-0029,DEV-0120,CASE-0029,Recommendation Correct,Verified threat or vulnerability; action validated post-review.,2026-06-03
REC-0030,DEV-0113,CASE-0030,Recommendation Correct,Verified threat or vulnerability; action validated post-review.,2026-06-15
REC-0031,DEV-0076,CASE-0031,,,
REC-0032,DEV-0109,CASE-0032,Recommendation Correct,Verified threat or vulnerability; action validated post-review.,2026-06-15
REC-0033,DEV-0170,CASE-0033,False Positive,Benign activity misclassified; no actual security incident.,2026-06-19
REC-0034,DEV-0070,CASE-0034,Recommendation Correct,Verified threat or vulnerability; action validated post-review.,2026-06-09
REC-0035,DEV-0001,CASE-0035,False Positive,Benign activity misclassified; no actual security incident.,2026-05-25
REC-0036,DEV-0227,CASE-0036,Recommendation Correct,Verified threat or vulnerability; action validated post-review.,2026-06-07
REC-0037,DEV-0122,CASE-0037,Recommendation Correct,Verified threat or vulnerability; action validated post-review.,2026-06-04
REC-0038,DEV-0046,CASE-0038,Recommendation Correct,Verified threat or vulnerability; action validated post-review.,2026-06-08
REC-0039,DEV-0011,CASE-0039,Recommendation Correct,Verified threat or vulnerability; action validated post-review.,2026-06-16
REC-0040,DEV-0181,CASE-0040,,,
REC-0041,DEV-0154,CASE-0041,,,
REC-0042,DEV-0103,CASE-0042,False Positive,Benign activity misclassified; no actual security incident.,2026-05-27
REC-0043,DEV-0029,CASE-0043,Recommendation Correct,Verified threat or vulnerability; action validated post-review.,2026-05-30
REC-0044,DEV-0183,CASE-0044,Recommendation Correct,Verified threat or vulnerability; action validated post-review.,2026-05-26
REC-0045,DEV-0021,CASE-0045,,,
REC-0046,DEV-0121,CASE-0046,,,
REC-0047,DEV-0215,CASE-0047,Recommendation Correct,Verified threat or vulnerability; action validated post-review.,2026-06-05
REC-0048,DEV-0202,CASE-0048,Recommendation Correct,Verified threat or vulnerability; action validated post-review.,2026-06-17
REC-0049,DEV-0111,CASE-0049,False Positive,Benign activity misclassified; no actual security incident.,2026-05-29
REC-0050,DEV-0070,CASE-0050,,,
REC-0051,DEV-0079,CASE-0051,Recommendation Incorrect,Action was unnecessary; root cause differed from AI assessment.,2026-06-12
REC-0052,DEV-0212,CASE-0052,,,
REC-0053,DEV-0151,CASE-0053,,,
REC-0054,DEV-0062,CASE-0054,False Positive,Benign activity misclassified; no actual security incident.,2026-06-12
REC-0055,DEV-0060,CASE-0055,Recommendation Correct,Verified threat or vulnerability; action validated post-review.,2026-06-08
REC-0056,DEV-0097,CASE-0056,False Negative,Threat existed but was missed or dismissed incorrectly.,2026-05-24
REC-0057,DEV-0192,CASE-0057,False Positive,Benign activity misclassified; no actual security incident.,2026-06-14
REC-0058,DEV-0123,CASE-0058,Recommendation Correct,Verified threat or vulnerability; action validated post-review.,2026-06-17
REC-0059,DEV-0155,CASE-0059,Recommendation Correct,Verified threat or vulnerability; action validated post-review.,2026-06-11
REC-0060,DEV-0218,CASE-0060,Recommendation Incorrect,Action was unnecessary; root cause differed from AI assessment.,2026-06-07
REC-0061,DEV-0246,CASE-0061,,,
REC-0062,DEV-0201,CASE-0062,Recommendation Correct,Verified threat or vulnerability; action validated post-review.,2026-05-24
REC-0063,DEV-0108,CASE-0063,Recommendation Correct,Verified threat or vulnerability; action validated post-review.,2026-06-16
REC-0064,DEV-0148,CASE-0064,Recommendation Correct,Verified threat or vulnerability; action validated post-review.,2026-06-07
REC-0065,DEV-0001,CASE-0065,,,
REC-0066,DEV-0124,CASE-0066,,,
REC-0067,DEV-0051,CASE-0067,Recommendation Correct,Verified threat or vulnerability; action validated post-review.,2026-06-20
REC-0068,DEV-0161,CASE-0068,False Positive,Benign activity misclassified; no actual security incident.,2026-06-16
REC-0069,DEV-0166,CASE-0069,,,
REC-0070,DEV-0009,CASE-0070,Recommendation Correct,Verified threat or vulnerability; action validated post-review.,2026-06-11
REC-0071,DEV-0100,CASE-0071,,,
REC-0072,DEV-0237,CASE-0072,,,
REC-0073,DEV-0011,CASE-0073,False Positive,Benign activity misclassified; no actual security incident.,2026-06-19
REC-0074,DEV-0109,CASE-0074,Recommendation Correct,Verified threat or vulnerability; action validated post-review.,2026-06-07
REC-0075,DEV-0222,CASE-0075,Recommendation Correct,Verified threat or vulnerability; action validated post-review.,2026-06-04
REC-0076,DEV-0200,CASE-0076,Recommendation Correct,Verified threat or vulnerability; action validated post-review.,2026-05-23
REC-0077,DEV-0137,CASE-0077,False Negative,Threat existed but was missed or dismissed incorrectly.,2026-06-04
REC-0078,DEV-0098,CASE-0078,Recommendation Incorrect,Action was unnecessary; root cause differed from AI assessment.,2026-05-30
REC-0079,DEV-0108,CASE-0079,Recommendation Correct,Verified threat or vulnerability; action validated post-review.,2026-06-08
REC-0080,DEV-0245,CASE-0080,Recommendation Correct,Verified threat or vulnerability; action validated post-review.,2026-06-04
REC-0081,DEV-0146,CASE-0081,Recommendation Correct,Verified threat or vulnerability; action validated post-review.,2026-05-28
REC-0082,DEV-0077,CASE-0082,False Positive,Benign activity misclassified; no actual security incident.,2026-06-15
REC-0083,DEV-0047,CASE-0083,Recommendation Correct,Verified threat or vulnerability; action validated post-review.,2026-05-24
REC-0084,DEV-0142,CASE-0084,Recommendation Correct,Verified threat or vulnerability; action validated post-review.,2026-06-01
REC-0085,DEV-0226,CASE-0085,,,
REC-0086,DEV-0067,CASE-0086,Recommendation Correct,Verified threat or vulnerability; action validated post-review.,2026-05-31
REC-0087,DEV-0155,CASE-0087,,,
REC-0088,DEV-0039,CASE-0088,,,
REC-0089,DEV-0156,CASE-0089,,,
REC-0090,DEV-0014,CASE-0090,,,
REC-0091,DEV-0226,CASE-0091,,,
REC-0092,DEV-0092,CASE-0092,,,
REC-0093,DEV-0015,CASE-0093,Recommendation Correct,Verified threat or vulnerability; action validated post-review.,2026-06-11
REC-0094,DEV-0148,CASE-0094,,,
REC-0095,DEV-0205,CASE-0095,Recommendation Correct,Verified threat or vulnerability; action validated post-review.,2026-06-13
REC-0096,DEV-0145,CASE-0096,False Positive,Benign activity misclassified; no actual security incident.,2026-05-29
REC-0097,DEV-0150,CASE-0097,Recommendation Correct,Verified threat or vulnerability; action validated post-review.,2026-05-30
REC-0098,DEV-0041,CASE-0098,,,
REC-0099,DEV-0188,CASE-0099,,,
REC-0100,DEV-0082,CASE-0100,Recommendation Correct,Verified threat or vulnerability; action validated post-review.,2026-06-10
REC-0101,DEV-0186,CASE-0101,False Positive,Benign activity misclassified; no actual security incident.,2026-05-29
REC-0102,DEV-0079,CASE-0102,Recommendation Correct,Verified threat or vulnerability; action validated post-review.,2026-06-14
REC-0103,DEV-0172,CASE-0103,Recommendation Correct,Verified threat or vulnerability; action validated post-review.,2026-06-03
REC-0104,DEV-0066,CASE-0104,,,
REC-0105,DEV-0133,CASE-0105,Recommendation Correct,Verified threat or vulnerability; action validated post-review.,2026-06-03
REC-0106,DEV-0148,CASE-0106,Recommendation Correct,Verified threat or vulnerability; action validated post-review.,2026-06-05
REC-0107,DEV-0242,CASE-0107,Recommendation Correct,Verified threat or vulnerability; action validated post-review.,2026-06-18
REC-0108,DEV-0234,CASE-0108,Recommendation Correct,Verified threat or vulnerability; action validated post-review.,2026-06-11
REC-0109,DEV-0114,CASE-0109,Recommendation Correct,Verified threat or vulnerability; action validated post-review.,2026-06-18
REC-0110,DEV-0220,CASE-0110,,,
REC-0111,DEV-0198,CASE-0111,Recommendation Correct,Verified threat or vulnerability; action validated post-review.,2026-06-21
REC-0112,DEV-0060,CASE-0112,,,
REC-0113,DEV-0156,CASE-0113,Recommendation Correct,Verified threat or vulnerability; action validated post-review.,2026-06-11
REC-0114,DEV-0151,CASE-0114,,,
REC-0115,DEV-0239,CASE-0115,False Positive,Benign activity misclassified; no actual security incident.,2026-06-03
REC-0116,DEV-0189,CASE-0116,Recommendation Correct,Verified threat or vulnerability; action validated post-review.,2026-05-30
REC-0117,DEV-0009,CASE-0117,,,
REC-0118,DEV-0147,CASE-0118,,,
REC-0119,DEV-0201,CASE-0119,False Negative,Threat existed but was missed or dismissed incorrectly.,2026-05-28
REC-0120,DEV-0218,CASE-0120,Recommendation Correct,Verified threat or vulnerability; action validated post-review.,2026-06-17
REC-0121,DEV-0130,CASE-0121,,,
REC-0122,DEV-0098,CASE-0122,False Negative,Threat existed but was missed or dismissed incorrectly.,2026-05-26
REC-0123,DEV-0212,CASE-0123,Recommendation Correct,Verified threat or vulnerability; action validated post-review.,2026-05-30
REC-0124,DEV-0204,CASE-0124,,,
REC-0125,DEV-0210,CASE-0125,Recommendation Correct,Verified threat or vulnerability; action validated post-review.,2026-06-04
REC-0126,DEV-0206,CASE-0126,Recommendation Correct,Verified threat or vulnerability; action validated post-review.,2026-06-16
REC-0127,DEV-0033,CASE-0127,Recommendation Correct,Verified threat or vulnerability; action validated post-review.,2026-05-31
REC-0128,DEV-0079,CASE-0128,False Positive,Benign activity misclassified; no actual security incident.,2026-05-23
REC-0129,DEV-0243,CASE-0129,,,
REC-0130,DEV-0080,CASE-0130,,,
REC-0131,DEV-0062,CASE-0131,Recommendation Correct,Verified threat or vulnerability; action validated post-review.,2026-06-12
REC-0132,DEV-0215,CASE-0132,Recommendation Incorrect,Action was unnecessary; root cause differed from AI assessment.,2026-05-26
REC-0133,DEV-0196,CASE-0133,Recommendation Incorrect,Action was unnecessary; root cause differed from AI assessment.,2026-06-03
REC-0134,DEV-0129,CASE-0134,Recommendation Correct,Verified threat or vulnerability; action validated post-review.,2026-06-06
REC-0135,DEV-0160,CASE-0135,Recommendation Correct,Verified threat or vulnerability; action validated post-review.,2026-06-18
REC-0136,DEV-0180,CASE-0136,Recommendation Correct,Verified threat or vulnerability; action validated post-review.,2026-06-09
REC-0137,DEV-0195,CASE-0137,Recommendation Correct,Verified threat or vulnerability; action validated post-review.,2026-06-15
REC-0138,DEV-0160,CASE-0138,,,
REC-0139,DEV-0032,CASE-0139,,,
REC-0140,DEV-0235,CASE-0140,False Positive,Benign activity misclassified; no actual security incident.,2026-06-20
REC-0141,DEV-0189,CASE-0141,Recommendation Correct,Verified threat or vulnerability; action validated post-review.,2026-06-03
REC-0142,DEV-0003,CASE-0142,False Positive,Benign activity misclassified; no actual security incident.,2026-06-13
REC-0143,DEV-0143,CASE-0143,Recommendation Incorrect,Action was unnecessary; root cause differed from AI assessment.,2026-06-05
REC-0144,DEV-0024,CASE-0144,,,
REC-0145,DEV-0055,CASE-0145,,,
REC-0146,DEV-0100,CASE-0146,,,
REC-0147,DEV-0145,CASE-0147,False Positive,Benign activity misclassified; no actual security incident.,2026-06-05
REC-0148,DEV-0081,CASE-0148,False Positive,Benign activity misclassified; no actual security incident.,2026-06-09
REC-0149,DEV-0126,CASE-0149,Recommendation Correct,Verified threat or vulnerability; action validated post-review.,2026-06-09
REC-0150,DEV-0086,CASE-0150,Recommendation Correct,Verified threat or vulnerability; action validated post-review.,2026-06-16
REC-0151,DEV-0021,CASE-0151,Recommendation Correct,Verified threat or vulnerability; action validated post-review.,2026-05-31
REC-0152,DEV-0057,CASE-0152,,,
REC-0153,DEV-0127,CASE-0153,False Positive,Benign activity misclassified; no actual security incident.,2026-06-01
REC-0154,DEV-0074,CASE-0154,False Negative,Threat existed but was missed or dismissed incorrectly.,2026-06-19
REC-0155,DEV-0049,CASE-0155,,,
REC-0156,DEV-0058,CASE-0156,False Positive,Benign activity misclassified; no actual security incident.,2026-06-17
REC-0157,DEV-0147,CASE-0157,,,
REC-0158,DEV-0060,CASE-0158,Recommendation Correct,Verified threat or vulnerability; action validated post-review.,2026-06-10
REC-0159,DEV-0107,CASE-0159,,,
REC-0160,DEV-0004,CASE-0160,,,
REC-0161,DEV-0116,CASE-0161,,,
REC-0162,DEV-0156,CASE-0162,False Positive,Benign activity misclassified; no actual security incident.,2026-06-03
REC-0163,DEV-0033,CASE-0163,Recommendation Correct,Verified threat or vulnerability; action validated post-review.,2026-06-19
REC-0164,DEV-0047,CASE-0164,Recommendation Correct,Verified threat or vulnerability; action validated post-review.,2026-06-07
REC-0165,DEV-0219,CASE-0165,Recommendation Correct,Verified threat or vulnerability; action validated post-review.,2026-06-05
REC-0166,DEV-0176,CASE-0166,False Positive,Benign activity misclassified; no actual security incident.,2026-06-06
REC-0167,DEV-0244,CASE-0167,False Positive,Benign activity misclassified; no actual security incident.,2026-05-24
REC-0168,DEV-0196,CASE-0168,Recommendation Correct,Verified threat or vulnerability; action validated post-review.,2026-06-10
REC-0169,DEV-0064,CASE-0169,Recommendation Correct,Verified threat or vulnerability; action validated post-review.,2026-06-13
REC-0170,DEV-0045,CASE-0170,,,
REC-0171,DEV-0179,CASE-0171,Recommendation Correct,Verified threat or vulnerability; action validated post-review.,2026-06-07
REC-0172,DEV-0061,CASE-0172,Recommendation Correct,Verified threat or vulnerability; action validated post-review.,2026-05-24
REC-0173,DEV-0189,CASE-0173,False Positive,Benign activity misclassified; no actual security incident.,2026-06-18
REC-0174,DEV-0088,CASE-0174,False Negative,Threat existed but was missed or dismissed incorrectly.,2026-06-16
REC-0175,DEV-0189,CASE-0175,,,
REC-0176,DEV-0068,CASE-0176,,,
REC-0177,DEV-0142,CASE-0177,Recommendation Correct,Verified threat or vulnerability; action validated post-review.,2026-05-25
REC-0178,DEV-0163,CASE-0178,False Positive,Benign activity misclassified; no actual security incident.,2026-06-09
REC-0179,DEV-0099,CASE-0179,False Positive,Benign activity misclassified; no actual security incident.,2026-06-03
REC-0180,DEV-0118,CASE-0180,False Positive,Benign activity misclassified; no actual security incident.,2026-06-21
REC-0181,DEV-0220,CASE-0181,False Positive,Benign activity misclassified; no actual security incident.,2026-05-31
REC-0182,DEV-0158,CASE-0182,Recommendation Correct,Verified threat or vulnerability; action validated post-review.,2026-05-26
REC-0183,DEV-0170,CASE-0183,Recommendation Correct,Verified threat or vulnerability; action validated post-review.,2026-06-10
REC-0184,DEV-0233,CASE-0184,,,
REC-0185,DEV-0243,CASE-0185,Recommendation Correct,Verified threat or vulnerability; action validated post-review.,2026-06-02
REC-0186,DEV-0028,CASE-0186,False Positive,Benign activity misclassified; no actual security incident.,2026-06-18
REC-0187,DEV-0209,CASE-0187,,,
REC-0188,DEV-0216,CASE-0188,False Positive,Benign activity misclassified; no actual security incident.,2026-05-30
REC-0189,DEV-0048,CASE-0189,,,
REC-0190,DEV-0093,CASE-0190,,,
REC-0191,DEV-0026,CASE-0191,,,
REC-0192,DEV-0191,CASE-0192,,,
REC-0193,DEV-0061,CASE-0193,Recommendation Incorrect,Action was unnecessary; root cause differed from AI assessment.,2026-05-31
REC-0194,DEV-0215,CASE-0194,Recommendation Correct,Verified threat or vulnerability; action validated post-review.,2026-05-30
REC-0195,DEV-0081,CASE-0195,False Negative,Threat existed but was missed or dismissed incorrectly.,2026-06-11
REC-0196,DEV-0215,CASE-0196,,,
REC-0197,DEV-0008,CASE-0197,,,
REC-0198,DEV-0083,CASE-0198,Recommendation Incorrect,Action was unnecessary; root cause differed from AI assessment.,2026-06-14
REC-0199,DEV-0235,CASE-0199,,,
REC-0200,DEV-0103,CASE-0200,,,
REC-0201,DEV-0137,CASE-0201,,,
REC-0202,DEV-0236,CASE-0202,Recommendation Correct,Verified threat or vulnerability; action validated post-review.,2026-06-12
REC-0203,DEV-0002,CASE-0203,Recommendation Incorrect,Action was unnecessary; root cause differed from AI assessment.,2026-06-08
REC-0204,DEV-0084,CASE-0204,,,
REC-0205,DEV-0033,CASE-0205,Recommendation Correct,Verified threat or vulnerability; action validated post-review.,2026-05-24
REC-0206,DEV-0214,CASE-0206,,,
REC-0207,DEV-0096,CASE-0207,Recommendation Correct,Verified threat or vulnerability; action validated post-review.,2026-06-13
REC-0208,DEV-0200,CASE-0208,,,
REC-0209,DEV-0084,CASE-0209,False Positive,Benign activity misclassified; no actual security incident.,2026-06-11
REC-0210,DEV-0141,CASE-0210,,,
REC-0211,DEV-0068,CASE-0211,False Negative,Threat existed but was missed or dismissed incorrectly.,2026-06-20
REC-0212,DEV-0004,CASE-0212,Recommendation Correct,Verified threat or vulnerability; action validated post-review.,2026-05-28
REC-0213,DEV-0171,CASE-0213,,,
REC-0214,DEV-0055,CASE-0214,,,
REC-0215,DEV-0160,CASE-0215,Recommendation Correct,Verified threat or vulnerability; action validated post-review.,2026-05-30
REC-0216,DEV-0091,CASE-0216,False Negative,Threat existed but was missed or dismissed incorrectly.,2026-06-05
REC-0217,DEV-0221,CASE-0217,,,
REC-0218,DEV-0106,CASE-0218,,,
REC-0219,DEV-0027,CASE-0219,False Positive,Benign activity misclassified; no actual security incident.,2026-06-03
REC-0220,DEV-0169,CASE-0220,,,
REC-0221,DEV-0243,CASE-0221,Recommendation Correct,Verified threat or vulnerability; action validated post-review.,2026-05-31
REC-0222,DEV-0016,CASE-0222,Recommendation Correct,Verified threat or vulnerability; action validated post-review.,2026-06-14
REC-0223,DEV-0048,CASE-0223,Recommendation Correct,Verified threat or vulnerability; action validated post-review.,2026-05-26
REC-0224,DEV-0122,CASE-0224,,,
REC-0225,DEV-0192,CASE-0225,,,
REC-0226,DEV-0216,CASE-0226,Recommendation Correct,Verified threat or vulnerability; action validated post-review.,2026-06-15
REC-0227,DEV-0202,CASE-0227,,,
REC-0228,DEV-0210,CASE-0228,Recommendation Correct,Verified threat or vulnerability; action validated post-review.,2026-06-16
REC-0229,DEV-0062,CASE-0229,False Positive,Benign activity misclassified; no actual security incident.,2026-06-13
REC-0230,DEV-0221,CASE-0230,Recommendation Correct,Verified threat or vulnerability; action validated post-review.,2026-06-13
REC-0231,DEV-0082,CASE-0231,False Positive,Benign activity misclassified; no actual security incident.,2026-05-23
REC-0232,DEV-0183,CASE-0232,Recommendation Correct,Verified threat or vulnerability; action validated post-review.,2026-05-23
REC-0233,DEV-0073,CASE-0233,Recommendation Correct,Verified threat or vulnerability; action validated post-review.,2026-06-02
REC-0234,DEV-0149,CASE-0234,Recommendation Correct,Verified threat or vulnerability; action validated post-review.,2026-06-09
REC-0235,DEV-0106,CASE-0235,False Negative,Threat existed but was missed or dismissed incorrectly.,2026-05-31
REC-0236,DEV-0154,CASE-0236,Recommendation Correct,Verified threat or vulnerability; action validated post-review.,2026-06-21
REC-0237,DEV-0176,CASE-0237,False Positive,Benign activity misclassified; no actual security incident.,2026-06-13
REC-0238,DEV-0131,CASE-0238,Recommendation Correct,Verified threat or vulnerability; action validated post-review.,2026-06-15
REC-0239,DEV-0037,CASE-0239,False Positive,Benign activity misclassified; no actual security incident.,2026-06-11
REC-0240,DEV-0098,CASE-0240,False Positive,Benign activity misclassified; no actual security incident.,2026-06-01
REC-0241,DEV-0102,CASE-0241,False Positive,Benign activity misclassified; no actual security incident.,2026-06-10
REC-0242,DEV-0056,CASE-0242,,,
REC-0243,DEV-0039,CASE-0243,Recommendation Incorrect,Action was unnecessary; root cause differed from AI assessment.,2026-05-26
REC-0244,DEV-0057,CASE-0244,False Positive,Benign activity misclassified; no actual security incident.,2026-05-24
REC-0245,DEV-0108,CASE-0245,,,
REC-0246,DEV-0011,CASE-0246,False Positive,Benign activity misclassified; no actual security incident.,2026-06-19
REC-0247,DEV-0175,CASE-0247,Recommendation Correct,Verified threat or vulnerability; action validated post-review.,2026-06-02
REC-0248,DEV-0195,CASE-0248,False Positive,Benign activity misclassified; no actual security incident.,2026-06-01
REC-0249,DEV-0156,CASE-0249,,,
REC-0250,DEV-0015,CASE-0250,,,
REC-0251,DEV-0049,CASE-0251,,,
REC-0252,DEV-0116,CASE-0252,False Positive,Benign activity misclassified; no actual security incident.,2026-06-06
REC-0253,DEV-0101,CASE-0253,False Positive,Benign activity misclassified; no actual security incident.,2026-05-29
REC-0254,DEV-0215,CASE-0254,,,
REC-0255,DEV-0130,CASE-0255,Recommendation Correct,Verified threat or vulnerability; action validated post-review.,2026-06-08
REC-0256,DEV-0166,CASE-0256,Recommendation Correct,Verified threat or vulnerability; action validated post-review.,2026-06-17
REC-0257,DEV-0028,CASE-0257,False Positive,Benign activity misclassified; no actual security incident.,2026-06-01
REC-0258,DEV-0104,CASE-0258,Recommendation Correct,Verified threat or vulnerability; action validated post-review.,2026-05-24
REC-0259,DEV-0095,CASE-0259,Recommendation Incorrect,Action was unnecessary; root cause differed from AI assessment.,2026-06-11
REC-0260,DEV-0183,CASE-0260,Recommendation Correct,Verified threat or vulnerability; action validated post-review.,2026-05-31
REC-0261,DEV-0153,CASE-0261,,,
REC-0262,DEV-0153,CASE-0262,False Positive,Benign activity misclassified; no actual security incident.,2026-06-17
REC-0263,DEV-0202,CASE-0263,False Positive,Benign activity misclassified; no actual security incident.,2026-05-27
REC-0264,DEV-0119,CASE-0264,Recommendation Correct,Verified threat or vulnerability; action validated post-review.,2026-06-14
REC-0265,DEV-0043,CASE-0265,Recommendation Correct,Verified threat or vulnerability; action validated post-review.,2026-06-09
REC-0266,DEV-0179,CASE-0266,,,
REC-0267,DEV-0042,CASE-0267,Recommendation Correct,Verified threat or vulnerability; action validated post-review.,2026-05-31
REC-0268,DEV-0126,CASE-0268,,,
REC-0269,DEV-0101,CASE-0269,,,
REC-0270,DEV-0128,CASE-0270,,,
REC-0271,DEV-0018,CASE-0271,Recommendation Incorrect,Action was unnecessary; root cause differed from AI assessment.,2026-06-17
REC-0272,DEV-0076,CASE-0272,Recommendation Correct,Verified threat or vulnerability; action validated post-review.,2026-05-30
REC-0273,DEV-0211,CASE-0273,Recommendation Correct,Verified threat or vulnerability; action validated post-review.,2026-06-07
REC-0274,DEV-0096,CASE-0274,Recommendation Correct,Verified threat or vulnerability; action validated post-review.,2026-06-08
REC-0275,DEV-0031,CASE-0275,Recommendation Correct,Verified threat or vulnerability; action validated post-review.,2026-05-24
REC-0276,DEV-0174,CASE-0276,Recommendation Correct,Verified threat or vulnerability; action validated post-review.,2026-06-07
REC-0277,DEV-0171,CASE-0277,Recommendation Incorrect,Action was unnecessary; root cause differed from AI assessment.,2026-06-10
REC-0278,DEV-0137,CASE-0278,False Positive,Benign activity misclassified; no actual security incident.,2026-06-18
REC-0279,DEV-0115,CASE-0279,Recommendation Correct,Verified threat or vulnerability; action validated post-review.,2026-05-25
REC-0280,DEV-0200,CASE-0280,Recommendation Incorrect,Action was unnecessary; root cause differed from AI assessment.,2026-05-30
REC-0281,DEV-0038,CASE-0281,,,
REC-0282,DEV-0099,CASE-0282,Recommendation Incorrect,Action was unnecessary; root cause differed from AI assessment.,2026-05-27
REC-0283,DEV-0111,CASE-0283,,,
REC-0284,DEV-0005,CASE-0284,Recommendation Incorrect,Action was unnecessary; root cause differed from AI assessment.,2026-05-28
REC-0285,DEV-0158,CASE-0285,,,
REC-0286,DEV-0216,CASE-0286,False Positive,Benign activity misclassified; no actual security incident.,2026-06-14
REC-0287,DEV-0089,CASE-0287,False Positive,Benign activity misclassified; no actual security incident.,2026-06-19
REC-0288,DEV-0104,CASE-0288,,,
REC-0289,DEV-0052,CASE-0289,Recommendation Incorrect,Action was unnecessary; root cause differed from AI assessment.,2026-06-02
REC-0290,DEV-0246,CASE-0290,Recommendation Correct,Verified threat or vulnerability; action validated post-review.,2026-06-16
REC-0291,DEV-0060,CASE-0291,False Positive,Benign activity misclassified; no actual security incident.,2026-05-27
REC-0292,DEV-0206,CASE-0292,,,
REC-0293,DEV-0061,CASE-0293,False Positive,Benign activity misclassified; no actual security incident.,2026-06-18
REC-0294,DEV-0190,CASE-0294,Recommendation Incorrect,Action was unnecessary; root cause differed from AI assessment.,2026-06-04
REC-0295,DEV-0208,CASE-0295,False Negative,Threat existed but was missed or dismissed incorrectly.,2026-06-11
REC-0296,DEV-0006,CASE-0296,,,
REC-0297,DEV-0196,CASE-0297,False Positive,Benign activity misclassified; no actual security incident.,2026-06-11
REC-0298,DEV-0225,CASE-0298,False Positive,Benign activity misclassified; no actual security incident.,2026-05-23
REC-0299,DEV-0094,CASE-0299,,,
REC-0300,DEV-0210,CASE-0300,,,
REC-0301,DEV-0231,CASE-0301,Recommendation Incorrect,Action was unnecessary; root cause differed from AI assessment.,2026-05-24
REC-0302,DEV-0209,CASE-0302,Recommendation Correct,Verified threat or vulnerability; action validated post-review.,2026-05-29
REC-0303,DEV-0124,CASE-0303,,,
REC-0304,DEV-0063,CASE-0304,Recommendation Correct,Verified threat or vulnerability; action validated post-review.,2026-05-29
REC-0305,DEV-0038,CASE-0305,,,
REC-0306,DEV-0137,CASE-0306,False Negative,Threat existed but was missed or dismissed incorrectly.,2026-06-12
REC-0307,DEV-0194,CASE-0307,False Positive,Benign activity misclassified; no actual security incident.,2026-06-07
REC-0308,DEV-0047,CASE-0308,False Positive,Benign activity misclassified; no actual security incident.,2026-05-29
REC-0309,DEV-0113,CASE-0309,,,
REC-0310,DEV-0047,CASE-0310,,,
REC-0311,DEV-0096,CASE-0311,Recommendation Incorrect,Action was unnecessary; root cause differed from AI assessment.,2026-06-07
REC-0312,DEV-0084,CASE-0312,Recommendation Correct,Verified threat or vulnerability; action validated post-review.,2026-05-24
REC-0313,DEV-0217,CASE-0313,,,
REC-0314,DEV-0081,CASE-0314,Recommendation Correct,Verified threat or vulnerability; action validated post-review.,2026-06-05
REC-0315,DEV-0099,CASE-0315,Recommendation Correct,Verified threat or vulnerability; action validated post-review.,2026-05-25
REC-0316,DEV-0212,CASE-0316,,,
REC-0317,DEV-0084,CASE-0317,False Negative,Threat existed but was missed or dismissed incorrectly.,2026-06-03
REC-0318,DEV-0171,CASE-0318,,,
REC-0319,DEV-0137,CASE-0319,Recommendation Correct,Verified threat or vulnerability; action validated post-review.,2026-06-12
REC-0320,DEV-0220,CASE-0320,Recommendation Correct,Verified threat or vulnerability; action validated post-review.,2026-05-31
REC-0321,DEV-0117,CASE-0321,Recommendation Correct,Verified threat or vulnerability; action validated post-review.,2026-05-28
REC-0322,DEV-0233,CASE-0322,,,
REC-0323,DEV-0208,CASE-0323,Recommendation Correct,Verified threat or vulnerability; action validated post-review.,2026-06-18
REC-0324,DEV-0074,CASE-0324,Recommendation Correct,Verified threat or vulnerability; action validated post-review.,2026-05-30
REC-0325,DEV-0071,CASE-0325,,,
REC-0326,DEV-0099,CASE-0326,Recommendation Incorrect,Action was unnecessary; root cause differed from AI assessment.,2026-06-17
REC-0327,DEV-0222,CASE-0327,,,
REC-0328,DEV-0095,CASE-0328,,,
REC-0329,DEV-0002,CASE-0329,,,
REC-0330,DEV-0113,CASE-0330,,,
REC-0331,DEV-0150,CASE-0331,,,
REC-0332,DEV-0006,CASE-0332,False Positive,Benign activity misclassified; no actual security incident.,2026-06-05
REC-0333,DEV-0078,CASE-0333,False Positive,Benign activity misclassified; no actual security incident.,2026-06-04
REC-0334,DEV-0012,CASE-0334,False Positive,Benign activity misclassified; no actual security incident.,2026-06-02
REC-0335,DEV-0059,CASE-0335,,,
REC-0336,DEV-0197,CASE-0336,Recommendation Correct,Verified threat or vulnerability; action validated post-review.,2026-06-04
REC-0337,DEV-0026,CASE-0337,,,
REC-0338,DEV-0033,CASE-0338,False Negative,Threat existed but was missed or dismissed incorrectly.,2026-06-07
REC-0339,DEV-0188,CASE-0339,Recommendation Correct,Verified threat or vulnerability; action validated post-review.,2026-06-03
REC-0340,DEV-0087,CASE-0340,False Positive,Benign activity misclassified; no actual security incident.,2026-05-28
REC-0341,DEV-0031,CASE-0341,,,
REC-0342,DEV-0134,CASE-0342,Recommendation Correct,Verified threat or vulnerability; action validated post-review.,2026-06-19
REC-0343,DEV-0126,CASE-0343,Recommendation Correct,Verified threat or vulnerability; action validated post-review.,2026-06-08
REC-0344,DEV-0089,CASE-0344,,,
REC-0345,DEV-0004,CASE-0345,False Positive,Benign activity misclassified; no actual security incident.,2026-06-10
REC-0346,DEV-0170,CASE-0346,,,
REC-0347,DEV-0037,CASE-0347,Recommendation Correct,Verified threat or vulnerability; action validated post-review.,2026-06-11
REC-0348,DEV-0178,CASE-0348,Recommendation Correct,Verified threat or vulnerability; action validated post-review.,2026-05-26
REC-0349,DEV-0188,CASE-0349,Recommendation Correct,Verified threat or vulnerability; action validated post-review.,2026-06-12
REC-0350,DEV-0217,CASE-0350,False Positive,Benign activity misclassified; no actual security incident.,2026-06-16
REC-0351,DEV-0152,CASE-0351,,,
REC-0352,DEV-0021,CASE-0352,False Negative,Threat existed but was missed or dismissed incorrectly.,2026-06-03
REC-0353,DEV-0246,CASE-0353,Recommendation Incorrect,Action was unnecessary; root cause differed from AI assessment.,2026-06-09
REC-0354,DEV-0133,CASE-0354,Recommendation Correct,Verified threat or vulnerability; action validated post-review.,2026-05-25
REC-0355,DEV-0027,CASE-0355,Recommendation Incorrect,Action was unnecessary; root cause differed from AI assessment.,2026-06-09
REC-0356,DEV-0190,CASE-0356,,,
REC-0357,DEV-0094,CASE-0357,False Positive,Benign activity misclassified; no actual security incident.,2026-06-11
REC-0358,DEV-0226,CASE-0358,Recommendation Correct,Verified threat or vulnerability; action validated post-review.,2026-06-12
REC-0359,DEV-0214,CASE-0359,False Negative,Threat existed but was missed or dismissed incorrectly.,2026-06-07
REC-0360,DEV-0161,CASE-0360,,,
REC-0361,DEV-0039,CASE-0361,,,
REC-0362,DEV-0068,CASE-0362,Recommendation Correct,Verified threat or vulnerability; action validated post-review.,2026-06-08
REC-0363,DEV-0128,CASE-0363,Recommendation Correct,Verified threat or vulnerability; action validated post-review.,2026-06-11
REC-0364,DEV-0031,CASE-0364,Recommendation Correct,Verified threat or vulnerability; action validated post-review.,2026-06-19
REC-0365,DEV-0052,CASE-0365,Recommendation Correct,Verified threat or vulnerability; action validated post-review.,2026-06-14
REC-0366,DEV-0121,CASE-0366,Recommendation Correct,Verified threat or vulnerability; action validated post-review.,2026-06-11
REC-0367,DEV-0070,CASE-0367,,,
REC-0368,DEV-0109,CASE-0368,Recommendation Correct,Verified threat or vulnerability; action validated post-review.,2026-05-31
REC-0369,DEV-0097,CASE-0369,,,
REC-0370,DEV-0228,CASE-0370,Recommendation Incorrect,Action was unnecessary; root cause differed from AI assessment.,2026-06-15
REC-0371,DEV-0238,CASE-0371,False Positive,Benign activity misclassified; no actual security incident.,2026-06-09
REC-0372,DEV-0041,CASE-0372,Recommendation Correct,Verified threat or vulnerability; action validated post-review.,2026-05-27
REC-0373,DEV-0146,CASE-0373,,,
REC-0374,DEV-0107,CASE-0374,Recommendation Correct,Verified threat or vulnerability; action validated post-review.,2026-06-12
REC-0375,DEV-0194,CASE-0375,Recommendation Correct,Verified threat or vulnerability; action validated post-review.,2026-05-28
REC-0376,DEV-0152,CASE-0376,False Positive,Benign activity misclassified; no actual security incident.,2026-06-17
REC-0377,DEV-0090,CASE-0377,Recommendation Correct,Verified threat or vulnerability; action validated post-review.,2026-06-05
REC-0378,DEV-0013,CASE-0378,,,
REC-0379,DEV-0084,CASE-0379,,,
REC-0380,DEV-0018,CASE-0380,,,
REC-0381,DEV-0192,CASE-0381,Recommendation Correct,Verified threat or vulnerability; action validated post-review.,2026-06-07
REC-0382,DEV-0119,CASE-0382,Recommendation Incorrect,Action was unnecessary; root cause differed from AI assessment.,2026-05-29
REC-0383,DEV-0082,CASE-0383,Recommendation Correct,Verified threat or vulnerability; action validated post-review.,2026-06-20
REC-0384,DEV-0228,CASE-0384,Recommendation Correct,Verified threat or vulnerability; action validated post-review.,2026-06-04
REC-0385,DEV-0137,CASE-0385,,,
REC-0386,DEV-0085,CASE-0386,Recommendation Correct,Verified threat or vulnerability; action validated post-review.,2026-05-26
REC-0387,DEV-0226,CASE-0387,,,
REC-0388,DEV-0110,CASE-0388,False Negative,Threat existed but was missed or dismissed incorrectly.,2026-05-26
REC-0389,DEV-0042,CASE-0389,Recommendation Correct,Verified threat or vulnerability; action validated post-review.,2026-06-03
REC-0390,DEV-0003,CASE-0390,Recommendation Correct,Verified threat or vulnerability; action validated post-review.,2026-06-19
REC-0391,DEV-0151,CASE-0391,Recommendation Incorrect,Action was unnecessary; root cause differed from AI assessment.,2026-05-29
REC-0392,DEV-0240,CASE-0392,Recommendation Correct,Verified threat or vulnerability; action validated post-review.,2026-06-05
REC-0393,DEV-0222,CASE-0393,Recommendation Correct,Verified threat or vulnerability; action validated post-review.,2026-05-25
REC-0394,DEV-0226,CASE-0394,,,
REC-0395,DEV-0121,CASE-0395,Recommendation Incorrect,Action was unnecessary; root cause differed from AI assessment.,2026-05-30
REC-0396,DEV-0009,CASE-0396,Recommendation Incorrect,Action was unnecessary; root cause differed from AI assessment.,2026-06-01
REC-0397,DEV-0098,CASE-0397,Recommendation Correct,Verified threat or vulnerability; action validated post-review.,2026-06-15
REC-0398,DEV-0201,CASE-0398,Recommendation Correct,Verified threat or vulnerability; action validated post-review.,2026-06-12
REC-0399,DEV-0027,CASE-0399,False Positive,Benign activity misclassified; no actual security incident.,2026-05-30
REC-0400,DEV-0084,CASE-0400,,,
REC-0401,DEV-0109,CASE-0401,Recommendation Correct,Verified threat or vulnerability; action validated post-review.,2026-06-04
REC-0402,DEV-0128,CASE-0402,,,
REC-0403,DEV-0147,CASE-0403,Recommendation Correct,Verified threat or vulnerability; action validated post-review.,2026-05-27
REC-0404,DEV-0238,CASE-0404,,,
REC-0405,DEV-0021,CASE-0405,,,
REC-0406,DEV-0019,CASE-0406,,,
REC-0407,DEV-0081,CASE-0407,,,
REC-0408,DEV-0211,CASE-0408,Recommendation Incorrect,Action was unnecessary; root cause differed from AI assessment.,2026-06-01
REC-0409,DEV-0065,CASE-0409,Recommendation Correct,Verified threat or vulnerability; action validated post-review.,2026-06-17
REC-0410,DEV-0072,CASE-0410,False Positive,Benign activity misclassified; no actual security incident.,2026-05-31
REC-0411,DEV-0004,CASE-0411,,,
REC-0412,DEV-0106,CASE-0412,False Positive,Benign activity misclassified; no actual security incident.,2026-06-14
REC-0413,DEV-0198,CASE-0413,Recommendation Correct,Verified threat or vulnerability; action validated post-review.,2026-05-29
REC-0414,DEV-0076,CASE-0414,,,
REC-0415,DEV-0187,CASE-0415,Recommendation Correct,Verified threat or vulnerability; action validated post-review.,2026-05-31
REC-0416,DEV-0249,CASE-0416,False Positive,Benign activity misclassified; no actual security incident.,2026-06-13
REC-0417,DEV-0237,CASE-0417,False Negative,Threat existed but was missed or dismissed incorrectly.,2026-06-01
REC-0418,DEV-0067,CASE-0418,,,
REC-0419,DEV-0125,CASE-0419,,,
REC-0420,DEV-0231,CASE-0420,Recommendation Correct,Verified threat or vulnerability; action validated post-review.,2026-05-30
REC-0421,DEV-0002,CASE-0421,False Positive,Benign activity misclassified; no actual security incident.,2026-05-23
REC-0422,DEV-0053,CASE-0422,Recommendation Correct,Verified threat or vulnerability; action validated post-review.,2026-05-27
REC-0423,DEV-0029,CASE-0423,False Positive,Benign activity misclassified; no actual security incident.,2026-06-02
REC-0424,DEV-0159,CASE-0424,,,
REC-0425,DEV-0010,CASE-0425,False Positive,Benign activity misclassified; no actual security incident.,2026-06-09
REC-0426,DEV-0123,CASE-0426,False Negative,Threat existed but was missed or dismissed incorrectly.,2026-06-10
REC-0427,DEV-0217,CASE-0427,Recommendation Correct,Verified threat or vulnerability; action validated post-review.,2026-05-27
REC-0428,DEV-0094,CASE-0428,Recommendation Correct,Verified threat or vulnerability; action validated post-review.,2026-06-15
REC-0429,DEV-0179,CASE-0429,,,
REC-0430,DEV-0180,CASE-0430,False Positive,Benign activity misclassified; no actual security incident.,2026-06-01
REC-0431,DEV-0117,CASE-0431,Recommendation Correct,Verified threat or vulnerability; action validated post-review.,2026-06-14
REC-0432,DEV-0059,CASE-0432,,,
REC-0433,DEV-0234,CASE-0433,Recommendation Correct,Verified threat or vulnerability; action validated post-review.,2026-06-16
REC-0434,DEV-0032,CASE-0434,,,
REC-0435,DEV-0100,CASE-0435,Recommendation Correct,Verified threat or vulnerability; action validated post-review.,2026-05-28
REC-0436,DEV-0159,CASE-0436,False Positive,Benign activity misclassified; no actual security incident.,2026-05-25
REC-0437,DEV-0132,CASE-0437,Recommendation Correct,Verified threat or vulnerability; action validated post-review.,2026-06-02
REC-0438,DEV-0009,CASE-0438,Recommendation Correct,Verified threat or vulnerability; action validated post-review.,2026-06-02
REC-0439,DEV-0106,CASE-0439,,,
REC-0440,DEV-0044,CASE-0440,Recommendation Incorrect,Action was unnecessary; root cause differed from AI assessment.,2026-06-17
REC-0441,DEV-0068,CASE-0441,,,
REC-0442,DEV-0106,CASE-0442,Recommendation Correct,Verified threat or vulnerability; action validated post-review.,2026-06-03
REC-0443,DEV-0049,CASE-0443,,,
REC-0444,DEV-0008,CASE-0444,,,
REC-0445,DEV-0188,CASE-0445,,,
REC-0446,DEV-0022,CASE-0446,Recommendation Correct,Verified threat or vulnerability; action validated post-review.,2026-06-17
REC-0447,DEV-0046,CASE-0447,,,
REC-0448,DEV-0022,CASE-0448,,,
REC-0449,DEV-0186,CASE-0449,Recommendation Correct,Verified threat or vulnerability; action validated post-review.,2026-06-04
REC-0450,DEV-0139,CASE-0450,False Positive,Benign activity misclassified; no actual security incident.,2026-06-13
REC-0451,DEV-0247,CASE-0451,False Negative,Threat existed but was missed or dismissed incorrectly.,2026-05-30
REC-0452,DEV-0029,CASE-0452,Recommendation Correct,Verified threat or vulnerability; action validated post-review.,2026-06-20
REC-0453,DEV-0247,CASE-0453,Recommendation Incorrect,Action was unnecessary; root cause differed from AI assessment.,2026-06-08
REC-0454,DEV-0099,CASE-0454,Recommendation Correct,Verified threat or vulnerability; action validated post-review.,2026-06-12
REC-0455,DEV-0103,CASE-0455,Recommendation Correct,Verified threat or vulnerability; action validated post-review.,2026-05-30
REC-0456,DEV-0051,CASE-0456,Recommendation Correct,Verified threat or vulnerability; action validated post-review.,2026-05-29
REC-0457,DEV-0212,CASE-0457,,,
REC-0458,DEV-0232,CASE-0458,Recommendation Incorrect,Action was unnecessary; root cause differed from AI assessment.,2026-06-12
REC-0459,DEV-0004,CASE-0459,,,
REC-0460,DEV-0142,CASE-0460,,,
REC-0461,DEV-0219,CASE-0461,,,
REC-0462,DEV-0241,CASE-0462,Recommendation Correct,Verified threat or vulnerability; action validated post-review.,2026-06-18
REC-0463,DEV-0001,CASE-0463,,,
REC-0464,DEV-0240,CASE-0464,Recommendation Correct,Verified threat or vulnerability; action validated post-review.,2026-06-01
REC-0465,DEV-0053,CASE-0465,,,
REC-0466,DEV-0108,CASE-0466,Recommendation Correct,Verified threat or vulnerability; action validated post-review.,2026-06-01
REC-0467,DEV-0118,CASE-0467,False Positive,Benign activity misclassified; no actual security incident.,2026-06-07
REC-0468,DEV-0086,CASE-0468,Recommendation Correct,Verified threat or vulnerability; action validated post-review.,2026-05-24
REC-0469,DEV-0095,CASE-0469,False Positive,Benign activity misclassified; no actual security incident.,2026-06-05
REC-0470,DEV-0238,CASE-0470,False Positive,Benign activity misclassified; no actual security incident.,2026-06-21
REC-0471,DEV-0107,CASE-0471,Recommendation Correct,Verified threat or vulnerability; action validated post-review.,2026-05-25
REC-0472,DEV-0200,CASE-0472,,,
REC-0473,DEV-0242,CASE-0473,False Positive,Benign activity misclassified; no actual security incident.,2026-06-13
REC-0474,DEV-0151,CASE-0474,,,
REC-0475,DEV-0068,CASE-0475,Recommendation Correct,Verified threat or vulnerability; action validated post-review.,2026-06-02
REC-0476,DEV-0006,CASE-0476,False Positive,Benign activity misclassified; no actual security incident.,2026-05-25
REC-0477,DEV-0236,CASE-0477,,,
REC-0478,DEV-0207,CASE-0478,,,
REC-0479,DEV-0038,CASE-0479,False Positive,Benign activity misclassified; no actual security incident.,2026-06-11
REC-0480,DEV-0186,CASE-0480,,,
REC-0481,DEV-0153,CASE-0481,,,
REC-0482,DEV-0077,CASE-0482,Recommendation Correct,Verified threat or vulnerability; action validated post-review.,2026-06-02
REC-0483,DEV-0240,CASE-0483,Recommendation Correct,Verified threat or vulnerability; action validated post-review.,2026-05-28
REC-0484,DEV-0223,CASE-0484,Recommendation Correct,Verified threat or vulnerability; action validated post-review.,2026-05-26
REC-0485,DEV-0156,CASE-0485,,,
REC-0486,DEV-0204,CASE-0486,Recommendation Correct,Verified threat or vulnerability; action validated post-review.,2026-06-10
REC-0487,DEV-0166,CASE-0487,,,
REC-0488,DEV-0122,CASE-0488,Recommendation Correct,Verified threat or vulnerability; action validated post-review.,2026-06-11
REC-0489,DEV-0148,CASE-0489,False Positive,Benign activity misclassified; no actual security incident.,2026-06-01
REC-0490,DEV-0123,CASE-0490,,,
REC-0491,DEV-0128,CASE-0491,,,
REC-0492,DEV-0175,CASE-0492,False Negative,Threat existed but was missed or dismissed incorrectly.,2026-06-02
REC-0493,DEV-0177,CASE-0493,Recommendation Correct,Verified threat or vulnerability; action validated post-review.,2026-05-23
REC-0494,DEV-0122,CASE-0494,,,
REC-0495,DEV-0075,CASE-0495,,,
REC-0496,DEV-0172,CASE-0496,,,
REC-0497,DEV-0019,CASE-0497,Recommendation Incorrect,Action was unnecessary; root cause differed from AI assessment.,2026-06-07
REC-0498,DEV-0052,CASE-0498,Recommendation Correct,Verified threat or vulnerability; action validated post-review.,2026-05-27
REC-0499,DEV-0006,CASE-0499,,,
REC-0500,DEV-0220,CASE-0500,Recommendation Correct,Verified threat or vulnerability; action validated post-review.,2026-06-05
REC-0501,DEV-0067,CASE-0501,False Positive,Benign activity misclassified; no actual security incident.,2026-06-04
REC-0502,DEV-0203,CASE-0502,,,
REC-0503,DEV-0178,CASE-0503,Recommendation Correct,Verified threat or vulnerability; action validated post-review.,2026-06-07
REC-0504,DEV-0011,CASE-0504,Recommendation Correct,Verified threat or vulnerability; action validated post-review.,2026-05-25
REC-0505,DEV-0130,CASE-0505,Recommendation Correct,Verified threat or vulnerability; action validated post-review.,2026-06-07
REC-0506,DEV-0104,CASE-0506,Recommendation Correct,Verified threat or vulnerability; action validated post-review.,2026-05-31
REC-0507,DEV-0127,CASE-0507,,,
REC-0508,DEV-0080,CASE-0508,False Positive,Benign activity misclassified; no actual security incident.,2026-06-21
REC-0509,DEV-0234,CASE-0509,False Negative,Threat existed but was missed or dismissed incorrectly.,2026-05-30
REC-0510,DEV-0034,CASE-0510,Recommendation Correct,Verified threat or vulnerability; action validated post-review.,2026-06-06
REC-0511,DEV-0211,CASE-0511,Recommendation Correct,Verified threat or vulnerability; action validated post-review.,2026-06-16
REC-0512,DEV-0030,CASE-0512,Recommendation Correct,Verified threat or vulnerability; action validated post-review.,2026-06-09
REC-0513,DEV-0035,CASE-0513,Recommendation Correct,Verified threat or vulnerability; action validated post-review.,2026-06-18
REC-0514,DEV-0119,CASE-0514,False Positive,Benign activity misclassified; no actual security incident.,2026-06-08
REC-0515,DEV-0048,CASE-0515,,,
REC-0516,DEV-0015,CASE-0516,Recommendation Correct,Verified threat or vulnerability; action validated post-review.,2026-05-26
REC-0517,DEV-0223,CASE-0517,Recommendation Incorrect,Action was unnecessary; root cause differed from AI assessment.,2026-06-20
REC-0518,DEV-0178,CASE-0518,,,
REC-0519,DEV-0074,CASE-0519,Recommendation Correct,Verified threat or vulnerability; action validated post-review.,2026-06-11
REC-0520,DEV-0239,CASE-0520,Recommendation Correct,Verified threat or vulnerability; action validated post-review.,2026-06-01
REC-0521,DEV-0078,CASE-0521,False Positive,Benign activity misclassified; no actual security incident.,2026-05-26
REC-0522,DEV-0022,CASE-0522,,,
REC-0523,DEV-0182,CASE-0523,,,
REC-0524,DEV-0075,CASE-0524,Recommendation Correct,Verified threat or vulnerability; action validated post-review.,2026-06-21
REC-0525,DEV-0186,CASE-0525,,,
REC-0526,DEV-0094,CASE-0526,False Negative,Threat existed but was missed or dismissed incorrectly.,2026-06-04
REC-0527,DEV-0139,CASE-0527,,,
REC-0528,DEV-0028,CASE-0528,,,
REC-0529,DEV-0008,CASE-0529,False Positive,Benign activity misclassified; no actual security incident.,2026-06-02
REC-0530,DEV-0206,CASE-0530,Recommendation Correct,Verified threat or vulnerability; action validated post-review.,2026-05-30
REC-0531,DEV-0150,CASE-0531,False Positive,Benign activity misclassified; no actual security incident.,2026-05-30
REC-0532,DEV-0131,CASE-0532,Recommendation Incorrect,Action was unnecessary; root cause differed from AI assessment.,2026-06-07
REC-0533,DEV-0227,CASE-0533,Recommendation Correct,Verified threat or vulnerability; action validated post-review.,2026-06-04
REC-0534,DEV-0051,CASE-0534,Recommendation Correct,Verified threat or vulnerability; action validated post-review.,2026-05-23
REC-0535,DEV-0100,CASE-0535,Recommendation Correct,Verified threat or vulnerability; action validated post-review.,2026-06-02
REC-0536,DEV-0190,CASE-0536,Recommendation Correct,Verified threat or vulnerability; action validated post-review.,2026-06-05
REC-0537,DEV-0014,CASE-0537,Recommendation Incorrect,Action was unnecessary; root cause differed from AI assessment.,2026-06-14
REC-0538,DEV-0068,CASE-0538,Recommendation Correct,Verified threat or vulnerability; action validated post-review.,2026-06-13
REC-0539,DEV-0152,CASE-0539,Recommendation Correct,Verified threat or vulnerability; action validated post-review.,2026-05-26
REC-0540,DEV-0104,CASE-0540,Recommendation Incorrect,Action was unnecessary; root cause differed from AI assessment.,2026-06-16
REC-0541,DEV-0101,CASE-0541,,,
REC-0542,DEV-0242,CASE-0542,Recommendation Correct,Verified threat or vulnerability; action validated post-review.,2026-05-31
REC-0543,DEV-0095,CASE-0543,Recommendation Correct,Verified threat or vulnerability; action validated post-review.,2026-06-17
REC-0544,DEV-0134,CASE-0544,Recommendation Correct,Verified threat or vulnerability; action validated post-review.,2026-06-11
REC-0545,DEV-0149,CASE-0545,Recommendation Correct,Verified threat or vulnerability; action validated post-review.,2026-06-11
REC-0546,DEV-0074,CASE-0546,,,
REC-0547,DEV-0165,CASE-0547,,,
REC-0548,DEV-0048,CASE-0548,,,
REC-0549,DEV-0221,CASE-0549,,,
REC-0550,DEV-0002,CASE-0550,False Positive,Benign activity misclassified; no actual security incident.,2026-06-08
REC-0551,DEV-0062,CASE-0551,Recommendation Correct,Verified threat or vulnerability; action validated post-review.,2026-05-23
REC-0552,DEV-0186,CASE-0552,,,
REC-0553,DEV-0220,CASE-0553,Recommendation Correct,Verified threat or vulnerability; action validated post-review.,2026-06-19
REC-0554,DEV-0049,CASE-0554,Recommendation Correct,Verified threat or vulnerability; action validated post-review.,2026-06-19
REC-0555,DEV-0209,CASE-0555,Recommendation Correct,Verified threat or vulnerability; action validated post-review.,2026-05-27
REC-0556,DEV-0126,CASE-0556,,,
REC-0557,DEV-0061,CASE-0557,Recommendation Correct,Verified threat or vulnerability; action validated post-review.,2026-06-04
REC-0558,DEV-0117,CASE-0558,,,
REC-0559,DEV-0248,CASE-0559,Recommendation Correct,Verified threat or vulnerability; action validated post-review.,2026-05-24
REC-0560,DEV-0126,CASE-0560,,,
REC-0561,DEV-0242,CASE-0561,,,
REC-0562,DEV-0107,CASE-0562,,,
REC-0563,DEV-0055,CASE-0563,,,
REC-0564,DEV-0181,CASE-0564,Recommendation Incorrect,Action was unnecessary; root cause differed from AI assessment.,2026-06-18
REC-0565,DEV-0211,CASE-0565,Recommendation Correct,Verified threat or vulnerability; action validated post-review.,2026-06-04
REC-0566,DEV-0229,CASE-0566,False Positive,Benign activity misclassified; no actual security incident.,2026-06-20
REC-0567,DEV-0078,CASE-0567,False Negative,Threat existed but was missed or dismissed incorrectly.,2026-05-26
REC-0568,DEV-0138,CASE-0568,,,
REC-0569,DEV-0061,CASE-0569,,,
REC-0570,DEV-0161,CASE-0570,Recommendation Correct,Verified threat or vulnerability; action validated post-review.,2026-06-02
REC-0571,DEV-0031,CASE-0571,Recommendation Correct,Verified threat or vulnerability; action validated post-review.,2026-06-12
REC-0572,DEV-0130,CASE-0572,Recommendation Correct,Verified threat or vulnerability; action validated post-review.,2026-06-15
REC-0573,DEV-0017,CASE-0573,Recommendation Incorrect,Action was unnecessary; root cause differed from AI assessment.,2026-06-05
REC-0574,DEV-0224,CASE-0574,Recommendation Correct,Verified threat or vulnerability; action validated post-review.,2026-06-19
REC-0575,DEV-0080,CASE-0575,Recommendation Correct,Verified threat or vulnerability; action validated post-review.,2026-05-31
REC-0576,DEV-0204,CASE-0576,,,
REC-0577,DEV-0111,CASE-0577,,,
REC-0578,DEV-0144,CASE-0578,Recommendation Correct,Verified threat or vulnerability; action validated post-review.,2026-06-08
REC-0579,DEV-0029,CASE-0579,,,
REC-0580,DEV-0041,CASE-0580,,,
REC-0581,DEV-0059,CASE-0581,False Positive,Benign activity misclassified; no actual security incident.,2026-06-08
REC-0582,DEV-0010,CASE-0582,False Positive,Benign activity misclassified; no actual security incident.,2026-06-07
REC-0583,DEV-0215,CASE-0583,,,
REC-0584,DEV-0003,CASE-0584,,,
REC-0585,DEV-0054,CASE-0585,Recommendation Correct,Verified threat or vulnerability; action validated post-review.,2026-06-02
REC-0586,DEV-0077,CASE-0586,,,
REC-0587,DEV-0090,CASE-0587,,,
REC-0588,DEV-0116,CASE-0588,False Positive,Benign activity misclassified; no actual security incident.,2026-06-10
REC-0589,DEV-0070,CASE-0589,False Positive,Benign activity misclassified; no actual security incident.,2026-06-12
REC-0590,DEV-0065,CASE-0590,Recommendation Correct,Verified threat or vulnerability; action validated post-review.,2026-06-07
REC-0591,DEV-0175,CASE-0591,False Positive,Benign activity misclassified; no actual security incident.,2026-06-14
REC-0592,DEV-0070,CASE-0592,Recommendation Correct,Verified threat or vulnerability; action validated post-review.,2026-06-02
REC-0593,DEV-0121,CASE-0593,False Positive,Benign activity misclassified; no actual security incident.,2026-06-06
REC-0594,DEV-0071,CASE-0594,,,
REC-0595,DEV-0175,CASE-0595,Recommendation Correct,Verified threat or vulnerability; action validated post-review.,2026-06-12
REC-0596,DEV-0045,CASE-0596,Recommendation Correct,Verified threat or vulnerability; action validated post-review.,2026-05-31
REC-0597,DEV-0172,CASE-0597,Recommendation Incorrect,Action was unnecessary; root cause differed from AI assessment.,2026-06-08
REC-0598,DEV-0150,CASE-0598,,,
REC-0599,DEV-0112,CASE-0599,Recommendation Incorrect,Action was unnecessary; root cause differed from AI assessment.,2026-06-18
REC-0600,DEV-0083,CASE-0600,Recommendation Correct,Verified threat or vulnerability; action validated post-review.,2026-06-03
REC-0601,DEV-0001,CASE-0601,Recommendation Correct,Verified threat or vulnerability; action validated post-review.,2026-06-08
REC-0602,DEV-0245,CASE-0602,,,
REC-0603,DEV-0177,CASE-0603,,,
REC-0604,DEV-0222,CASE-0604,,,
REC-0605,DEV-0158,CASE-0605,,,
REC-0606,DEV-0191,CASE-0606,Recommendation Correct,Verified threat or vulnerability; action validated post-review.,2026-06-08
REC-0607,DEV-0158,CASE-0607,False Positive,Benign activity misclassified; no actual security incident.,2026-06-01
REC-0608,DEV-0236,CASE-0608,Recommendation Correct,Verified threat or vulnerability; action validated post-review.,2026-06-08
REC-0609,DEV-0162,CASE-0609,,,
REC-0610,DEV-0012,CASE-0610,False Positive,Benign activity misclassified; no actual security incident.,2026-05-24
REC-0611,DEV-0077,CASE-0611,,,
REC-0612,DEV-0187,CASE-0612,,,
REC-0613,DEV-0042,CASE-0613,Recommendation Correct,Verified threat or vulnerability; action validated post-review.,2026-06-10
REC-0614,DEV-0154,CASE-0614,False Negative,Threat existed but was missed or dismissed incorrectly.,2026-06-16
REC-0615,DEV-0250,CASE-0615,Recommendation Correct,Verified threat or vulnerability; action validated post-review.,2026-06-21
REC-0616,DEV-0054,CASE-0616,,,
REC-0617,DEV-0230,CASE-0617,Recommendation Correct,Verified threat or vulnerability; action validated post-review.,2026-06-06
REC-0618,DEV-0062,CASE-0618,Recommendation Correct,Verified threat or vulnerability; action validated post-review.,2026-05-28
REC-0619,DEV-0164,CASE-0619,Recommendation Correct,Verified threat or vulnerability; action validated post-review.,2026-06-09
REC-0620,DEV-0065,CASE-0620,,,
REC-0621,DEV-0056,CASE-0621,,,
REC-0622,DEV-0160,CASE-0622,Recommendation Correct,Verified threat or vulnerability; action validated post-review.,2026-06-16
REC-0623,DEV-0056,CASE-0623,Recommendation Correct,Verified threat or vulnerability; action validated post-review.,2026-05-27
REC-0624,DEV-0015,CASE-0624,,,
REC-0625,DEV-0132,CASE-0625,Recommendation Correct,Verified threat or vulnerability; action validated post-review.,2026-06-18
REC-0626,DEV-0122,CASE-0626,False Positive,Benign activity misclassified; no actual security incident.,2026-06-20
REC-0627,DEV-0204,CASE-0627,Recommendation Incorrect,Action was unnecessary; root cause differed from AI assessment.,2026-05-30
REC-0628,DEV-0237,CASE-0628,Recommendation Correct,Verified threat or vulnerability; action validated post-review.,2026-06-14
REC-0629,DEV-0164,CASE-0629,,,
REC-0630,DEV-0044,CASE-0630,Recommendation Correct,Verified threat or vulnerability; action validated post-review.,2026-05-27
REC-0631,DEV-0236,CASE-0631,,,
REC-0632,DEV-0245,CASE-0632,False Positive,Benign activity misclassified; no actual security incident.,2026-06-18
REC-0633,DEV-0112,CASE-0633,Recommendation Correct,Verified threat or vulnerability; action validated post-review.,2026-06-21
REC-0634,DEV-0157,CASE-0634,Recommendation Correct,Verified threat or vulnerability; action validated post-review.,2026-06-08
REC-0635,DEV-0221,CASE-0635,,,
REC-0636,DEV-0177,CASE-0636,False Positive,Benign activity misclassified; no actual security incident.,2026-06-04
REC-0637,DEV-0102,CASE-0637,False Negative,Threat existed but was missed or dismissed incorrectly.,2026-05-29
REC-0638,DEV-0187,CASE-0638,False Positive,Benign activity misclassified; no actual security incident.,2026-06-19
REC-0639,DEV-0111,CASE-0639,,,
REC-0640,DEV-0228,CASE-0640,Recommendation Incorrect,Action was unnecessary; root cause differed from AI assessment.,2026-05-29
REC-0641,DEV-0207,CASE-0641,False Positive,Benign activity misclassified; no actual security incident.,2026-06-13
REC-0642,DEV-0247,CASE-0642,,,
REC-0643,DEV-0097,CASE-0643,,,
REC-0644,DEV-0116,CASE-0644,Recommendation Incorrect,Action was unnecessary; root cause differed from AI assessment.,2026-05-28
REC-0645,DEV-0208,CASE-0645,,,
REC-0646,DEV-0125,CASE-0646,,,
REC-0647,DEV-0159,CASE-0647,,,
REC-0648,DEV-0148,CASE-0648,Recommendation Correct,Verified threat or vulnerability; action validated post-review.,2026-06-17
REC-0649,DEV-0021,CASE-0649,Recommendation Correct,Verified threat or vulnerability; action validated post-review.,2026-06-06
REC-0650,DEV-0133,CASE-0650,Recommendation Incorrect,Action was unnecessary; root cause differed from AI assessment.,2026-06-14
REC-0651,DEV-0212,CASE-0651,,,
REC-0652,DEV-0102,CASE-0652,Recommendation Correct,Verified threat or vulnerability; action validated post-review.,2026-05-24
REC-0653,DEV-0150,CASE-0653,False Positive,Benign activity misclassified; no actual security incident.,2026-06-01
REC-0654,DEV-0029,CASE-0654,,,
REC-0655,DEV-0221,CASE-0655,False Negative,Threat existed but was missed or dismissed incorrectly.,2026-06-14
REC-0656,DEV-0241,CASE-0656,False Positive,Benign activity misclassified; no actual security incident.,2026-06-05
REC-0657,DEV-0192,CASE-0657,False Positive,Benign activity misclassified; no actual security incident.,2026-05-23
REC-0658,DEV-0211,CASE-0658,,,
REC-0659,DEV-0077,CASE-0659,,,
REC-0660,DEV-0130,CASE-0660,False Positive,Benign activity misclassified; no actual security incident.,2026-06-18
REC-0661,DEV-0205,CASE-0661,Recommendation Correct,Verified threat or vulnerability; action validated post-review.,2026-06-16
REC-0662,DEV-0081,CASE-0662,False Negative,Threat existed but was missed or dismissed incorrectly.,2026-05-29
REC-0663,DEV-0078,CASE-0663,Recommendation Correct,Verified threat or vulnerability; action validated post-review.,2026-06-20
REC-0664,DEV-0069,CASE-0664,Recommendation Incorrect,Action was unnecessary; root cause differed from AI assessment.,2026-06-05
REC-0665,DEV-0092,CASE-0665,Recommendation Incorrect,Action was unnecessary; root cause differed from AI assessment.,2026-06-19
REC-0666,DEV-0090,CASE-0666,,,
REC-0667,DEV-0227,CASE-0667,Recommendation Correct,Verified threat or vulnerability; action validated post-review.,2026-06-11
REC-0668,DEV-0232,CASE-0668,Recommendation Correct,Verified threat or vulnerability; action validated post-review.,2026-06-17
REC-0669,DEV-0033,CASE-0669,False Positive,Benign activity misclassified; no actual security incident.,2026-05-25
REC-0670,DEV-0045,CASE-0670,False Positive,Benign activity misclassified; no actual security incident.,2026-06-06
REC-0671,DEV-0162,CASE-0671,False Positive,Benign activity misclassified; no actual security incident.,2026-05-25
REC-0672,DEV-0145,CASE-0672,Recommendation Correct,Verified threat or vulnerability; action validated post-review.,2026-06-10
REC-0673,DEV-0203,CASE-0673,,,
REC-0674,DEV-0095,CASE-0674,False Positive,Benign activity misclassified; no actual security incident.,2026-06-10
REC-0675,DEV-0219,CASE-0675,,,
REC-0676,DEV-0123,CASE-0676,,,
REC-0677,DEV-0224,CASE-0677,False Positive,Benign activity misclassified; no actual security incident.,2026-06-06
REC-0678,DEV-0126,CASE-0678,False Negative,Threat existed but was missed or dismissed incorrectly.,2026-06-10
REC-0679,DEV-0057,CASE-0679,,,
REC-0680,DEV-0226,CASE-0680,False Positive,Benign activity misclassified; no actual security incident.,2026-05-29
REC-0681,DEV-0068,CASE-0681,Recommendation Incorrect,Action was unnecessary; root cause differed from AI assessment.,2026-06-11
REC-0682,DEV-0172,CASE-0682,False Positive,Benign activity misclassified; no actual security incident.,2026-06-15
REC-0683,DEV-0242,CASE-0683,Recommendation Correct,Verified threat or vulnerability; action validated post-review.,2026-05-24
REC-0684,DEV-0013,CASE-0684,Recommendation Correct,Verified threat or vulnerability; action validated post-review.,2026-06-16
REC-0685,DEV-0178,CASE-0685,Recommendation Correct,Verified threat or vulnerability; action validated post-review.,2026-06-12
REC-0686,DEV-0018,CASE-0686,False Negative,Threat existed but was missed or dismissed incorrectly.,2026-06-21
REC-0687,DEV-0096,CASE-0687,Recommendation Correct,Verified threat or vulnerability; action validated post-review.,2026-06-03
REC-0688,DEV-0009,CASE-0688,False Negative,Threat existed but was missed or dismissed incorrectly.,2026-06-06
REC-0689,DEV-0047,CASE-0689,False Positive,Benign activity misclassified; no actual security incident.,2026-06-04
REC-0690,DEV-0057,CASE-0690,Recommendation Incorrect,Action was unnecessary; root cause differed from AI assessment.,2026-06-09
REC-0691,DEV-0247,CASE-0691,Recommendation Correct,Verified threat or vulnerability; action validated post-review.,2026-06-13
REC-0692,DEV-0173,CASE-0692,,,
REC-0693,DEV-0156,CASE-0693,,,
REC-0694,DEV-0066,CASE-0694,Recommendation Correct,Verified threat or vulnerability; action validated post-review.,2026-06-13
REC-0695,DEV-0017,CASE-0695,,,
REC-0696,DEV-0165,CASE-0696,,,
REC-0697,DEV-0069,CASE-0697,Recommendation Incorrect,Action was unnecessary; root cause differed from AI assessment.,2026-06-06
REC-0698,DEV-0225,CASE-0698,,,
REC-0699,DEV-0233,CASE-0699,,,
REC-0700,DEV-0164,CASE-0700,Recommendation Correct,Verified threat or vulnerability; action validated post-review.,2026-05-23
REC-0701,DEV-0134,CASE-0701,Recommendation Incorrect,Action was unnecessary; root cause differed from AI assessment.,2026-05-28
REC-0702,DEV-0014,CASE-0702,,,
REC-0703,DEV-0187,CASE-0703,,,
REC-0704,DEV-0228,CASE-0704,Recommendation Correct,Verified threat or vulnerability; action validated post-review.,2026-05-25
REC-0705,DEV-0174,CASE-0705,False Positive,Benign activity misclassified; no actual security incident.,2026-06-03
REC-0706,DEV-0096,CASE-0706,Recommendation Correct,Verified threat or vulnerability; action validated post-review.,2026-05-25
REC-0707,DEV-0027,CASE-0707,Recommendation Correct,Verified threat or vulnerability; action validated post-review.,2026-06-08
REC-0708,DEV-0128,CASE-0708,Recommendation Correct,Verified threat or vulnerability; action validated post-review.,2026-06-15
REC-0709,DEV-0057,CASE-0709,,,
REC-0710,DEV-0042,CASE-0710,False Positive,Benign activity misclassified; no actual security incident.,2026-05-26
REC-0711,DEV-0207,CASE-0711,,,
REC-0712,DEV-0242,CASE-0712,,,
REC-0713,DEV-0156,CASE-0713,Recommendation Incorrect,Action was unnecessary; root cause differed from AI assessment.,2026-05-30
REC-0714,DEV-0029,CASE-0714,,,
REC-0715,DEV-0059,CASE-0715,False Negative,Threat existed but was missed or dismissed incorrectly.,2026-05-23
REC-0716,DEV-0078,CASE-0716,,,
REC-0717,DEV-0060,CASE-0717,Recommendation Correct,Verified threat or vulnerability; action validated post-review.,2026-06-08
REC-0718,DEV-0004,CASE-0718,,,
REC-0719,DEV-0122,CASE-0719,,,
REC-0720,DEV-0045,CASE-0720,,,
REC-0721,DEV-0110,CASE-0721,Recommendation Correct,Verified threat or vulnerability; action validated post-review.,2026-06-01
REC-0722,DEV-0029,CASE-0722,Recommendation Correct,Verified threat or vulnerability; action validated post-review.,2026-06-18
REC-0723,DEV-0215,CASE-0723,Recommendation Correct,Verified threat or vulnerability; action validated post-review.,2026-06-20
REC-0724,DEV-0191,CASE-0724,,,
REC-0725,DEV-0178,CASE-0725,,,
REC-0726,DEV-0011,CASE-0726,,,
REC-0727,DEV-0213,CASE-0727,Recommendation Correct,Verified threat or vulnerability; action validated post-review.,2026-06-11
REC-0728,DEV-0062,CASE-0728,Recommendation Correct,Verified threat or vulnerability; action validated post-review.,2026-06-10
REC-0729,DEV-0113,CASE-0729,,,
REC-0730,DEV-0121,CASE-0730,Recommendation Incorrect,Action was unnecessary; root cause differed from AI assessment.,2026-05-23
REC-0731,DEV-0197,CASE-0731,,,
REC-0732,DEV-0007,CASE-0732,False Positive,Benign activity misclassified; no actual security incident.,2026-06-11
REC-0733,DEV-0021,CASE-0733,Recommendation Correct,Verified threat or vulnerability; action validated post-review.,2026-06-03
REC-0734,DEV-0214,CASE-0734,False Negative,Threat existed but was missed or dismissed incorrectly.,2026-06-05
REC-0735,DEV-0218,CASE-0735,Recommendation Correct,Verified threat or vulnerability; action validated post-review.,2026-06-06
REC-0736,DEV-0104,CASE-0736,False Positive,Benign activity misclassified; no actual security incident.,2026-06-11
REC-0737,DEV-0145,CASE-0737,,,
REC-0738,DEV-0200,CASE-0738,,,
REC-0739,DEV-0229,CASE-0739,Recommendation Correct,Verified threat or vulnerability; action validated post-review.,2026-05-29
REC-0740,DEV-0242,CASE-0740,False Positive,Benign activity misclassified; no actual security incident.,2026-06-14
REC-0741,DEV-0119,CASE-0741,,,
REC-0742,DEV-0172,CASE-0742,,,
REC-0743,DEV-0045,CASE-0743,,,
REC-0744,DEV-0025,CASE-0744,False Positive,Benign activity misclassified; no actual security incident.,2026-06-21
REC-0745,DEV-0106,CASE-0745,Recommendation Correct,Verified threat or vulnerability; action validated post-review.,2026-06-04
REC-0746,DEV-0005,CASE-0746,False Negative,Threat existed but was missed or dismissed incorrectly.,2026-06-04
REC-0747,DEV-0243,CASE-0747,Recommendation Correct,Verified threat or vulnerability; action validated post-review.,2026-06-15
REC-0748,DEV-0233,CASE-0748,,,
REC-0749,DEV-0220,CASE-0749,Recommendation Correct,Verified threat or vulnerability; action validated post-review.,2026-06-10
REC-0750,DEV-0063,CASE-0750,False Positive,Benign activity misclassified; no actual security incident.,2026-06-08
REC-0751,DEV-0175,CASE-0751,False Negative,Threat existed but was missed or dismissed incorrectly.,2026-05-30
REC-0752,DEV-0249,CASE-0752,Recommendation Correct,Verified threat or vulnerability; action validated post-review.,2026-05-27
REC-0753,DEV-0048,CASE-0753,,,
REC-0754,DEV-0093,CASE-0754,Recommendation Correct,Verified threat or vulnerability; action validated post-review.,2026-05-29
REC-0755,DEV-0151,CASE-0755,False Positive,Benign activity misclassified; no actual security incident.,2026-06-03
REC-0756,DEV-0059,CASE-0756,False Positive,Benign activity misclassified; no actual security incident.,2026-05-24
REC-0757,DEV-0175,CASE-0757,False Positive,Benign activity misclassified; no actual security incident.,2026-06-13
REC-0758,DEV-0155,CASE-0758,Recommendation Incorrect,Action was unnecessary; root cause differed from AI assessment.,2026-06-02
REC-0759,DEV-0139,CASE-0759,Recommendation Incorrect,Action was unnecessary; root cause differed from AI assessment.,2026-06-06
REC-0760,DEV-0224,CASE-0760,Recommendation Correct,Verified threat or vulnerability; action validated post-review.,2026-05-23
REC-0761,DEV-0067,CASE-0761,Recommendation Correct,Verified threat or vulnerability; action validated post-review.,2026-05-24
REC-0762,DEV-0152,CASE-0762,False Negative,Threat existed but was missed or dismissed incorrectly.,2026-06-13
REC-0763,DEV-0066,CASE-0763,,,
REC-0764,DEV-0234,CASE-0764,False Positive,Benign activity misclassified; no actual security incident.,2026-05-31
REC-0765,DEV-0110,CASE-0765,Recommendation Correct,Verified threat or vulnerability; action validated post-review.,2026-06-02
REC-0766,DEV-0105,CASE-0766,False Negative,Threat existed but was missed or dismissed incorrectly.,2026-06-08
REC-0767,DEV-0220,CASE-0767,Recommendation Correct,Verified threat or vulnerability; action validated post-review.,2026-06-04
REC-0768,DEV-0184,CASE-0768,Recommendation Correct,Verified threat or vulnerability; action validated post-review.,2026-05-31
REC-0769,DEV-0078,CASE-0769,Recommendation Correct,Verified threat or vulnerability; action validated post-review.,2026-05-29
REC-0770,DEV-0201,CASE-0770,,,
REC-0771,DEV-0094,CASE-0771,Recommendation Correct,Verified threat or vulnerability; action validated post-review.,2026-05-28
REC-0772,DEV-0036,CASE-0772,,,
REC-0773,DEV-0023,CASE-0773,,,
REC-0774,DEV-0049,CASE-0774,,,
REC-0775,DEV-0008,CASE-0775,Recommendation Correct,Verified threat or vulnerability; action validated post-review.,2026-06-21
REC-0776,DEV-0083,CASE-0776,,,
REC-0777,DEV-0013,CASE-0777,Recommendation Correct,Verified threat or vulnerability; action validated post-review.,2026-06-13
REC-0778,DEV-0016,CASE-0778,,,
REC-0779,DEV-0219,CASE-0779,Recommendation Correct,Verified threat or vulnerability; action validated post-review.,2026-06-20
REC-0780,DEV-0023,CASE-0780,False Positive,Benign activity misclassified; no actual security incident.,2026-06-04
REC-0781,DEV-0195,CASE-0781,False Positive,Benign activity misclassified; no actual security incident.,2026-06-17
REC-0782,DEV-0184,CASE-0782,Recommendation Correct,Verified threat or vulnerability; action validated post-review.,2026-05-30
REC-0783,DEV-0121,CASE-0783,,,
REC-0784,DEV-0094,CASE-0784,Recommendation Correct,Verified threat or vulnerability; action validated post-review.,2026-06-17
REC-0785,DEV-0131,CASE-0785,,,
REC-0786,DEV-0028,CASE-0786,Recommendation Correct,Verified threat or vulnerability; action validated post-review.,2026-06-06
REC-0787,DEV-0154,CASE-0787,,,
REC-0788,DEV-0149,CASE-0788,False Negative,Threat existed but was missed or dismissed incorrectly.,2026-05-29
REC-0789,DEV-0124,CASE-0789,,,
REC-0790,DEV-0207,CASE-0790,,,
REC-0791,DEV-0228,CASE-0791,Recommendation Correct,Verified threat or vulnerability; action validated post-review.,2026-06-01
REC-0792,DEV-0098,CASE-0792,,,
REC-0793,DEV-0157,CASE-0793,False Negative,Threat existed but was missed or dismissed incorrectly.,2026-06-13
REC-0794,DEV-0206,CASE-0794,,,
REC-0795,DEV-0007,CASE-0795,False Positive,Benign activity misclassified; no actual security incident.,2026-06-07
REC-0796,DEV-0101,CASE-0796,False Positive,Benign activity misclassified; no actual security incident.,2026-06-06
REC-0797,DEV-0117,CASE-0797,Recommendation Correct,Verified threat or vulnerability; action validated post-review.,2026-05-31
REC-0798,DEV-0028,CASE-0798,False Positive,Benign activity misclassified; no actual security incident.,2026-06-08
REC-0799,DEV-0104,CASE-0799,False Positive,Benign activity misclassified; no actual security incident.,2026-06-16
REC-0800,DEV-0058,CASE-0800,Recommendation Correct,Verified threat or vulnerability; action validated post-review.,2026-06-04
REC-0801,DEV-0034,CASE-0801,False Positive,Benign activity misclassified; no actual security incident.,2026-06-05
REC-0802,DEV-0038,CASE-0802,,,
REC-0803,DEV-0045,CASE-0803,Recommendation Correct,Verified threat or vulnerability; action validated post-review.,2026-06-13
REC-0804,DEV-0244,CASE-0804,,,
REC-0805,DEV-0063,CASE-0805,Recommendation Correct,Verified threat or vulnerability; action validated post-review.,2026-06-17
REC-0806,DEV-0216,CASE-0806,Recommendation Correct,Verified threat or vulnerability; action validated post-review.,2026-05-30
REC-0807,DEV-0155,CASE-0807,False Positive,Benign activity misclassified; no actual security incident.,2026-05-25
REC-0808,DEV-0069,CASE-0808,,,
REC-0809,DEV-0245,CASE-0809,False Positive,Benign activity misclassified; no actual security incident.,2026-05-28
REC-0810,DEV-0092,CASE-0810,,,
REC-0811,DEV-0146,CASE-0811,Recommendation Correct,Verified threat or vulnerability; action validated post-review.,2026-05-27
REC-0812,DEV-0218,CASE-0812,,,
REC-0813,DEV-0089,CASE-0813,Recommendation Correct,Verified threat or vulnerability; action validated post-review.,2026-06-09
REC-0814,DEV-0193,CASE-0814,Recommendation Correct,Verified threat or vulnerability; action validated post-review.,2026-06-18
REC-0815,DEV-0190,CASE-0815,False Negative,Threat existed but was missed or dismissed incorrectly.,2026-06-11
REC-0816,DEV-0145,CASE-0816,Recommendation Correct,Verified threat or vulnerability; action validated post-review.,2026-06-07
REC-0817,DEV-0037,CASE-0817,,,
REC-0818,DEV-0170,CASE-0818,False Positive,Benign activity misclassified; no actual security incident.,2026-06-17
REC-0819,DEV-0073,CASE-0819,,,
REC-0820,DEV-0239,CASE-0820,Recommendation Correct,Verified threat or vulnerability; action validated post-review.,2026-06-13
REC-0821,DEV-0020,CASE-0821,Recommendation Incorrect,Action was unnecessary; root cause differed from AI assessment.,2026-05-26
REC-0822,DEV-0127,CASE-0822,Recommendation Correct,Verified threat or vulnerability; action validated post-review.,2026-05-25
REC-0823,DEV-0222,CASE-0823,False Negative,Threat existed but was missed or dismissed incorrectly.,2026-06-12
REC-0824,DEV-0113,CASE-0824,Recommendation Incorrect,Action was unnecessary; root cause differed from AI assessment.,2026-06-02
REC-0825,DEV-0076,CASE-0825,,,
REC-0826,DEV-0051,CASE-0826,Recommendation Correct,Verified threat or vulnerability; action validated post-review.,2026-05-26
REC-0827,DEV-0071,CASE-0827,Recommendation Correct,Verified threat or vulnerability; action validated post-review.,2026-05-24
REC-0828,DEV-0075,CASE-0828,,,
REC-0829,DEV-0236,CASE-0829,,,
REC-0830,DEV-0002,CASE-0830,,,
REC-0831,DEV-0122,CASE-0831,Recommendation Correct,Verified threat or vulnerability; action validated post-review.,2026-06-13
REC-0832,DEV-0018,CASE-0832,Recommendation Correct,Verified threat or vulnerability; action validated post-review.,2026-06-03
REC-0833,DEV-0171,CASE-0833,False Positive,Benign activity misclassified; no actual security incident.,2026-05-24
REC-0834,DEV-0184,CASE-0834,Recommendation Correct,Verified threat or vulnerability; action validated post-review.,2026-05-31
REC-0835,DEV-0134,CASE-0835,,,
REC-0836,DEV-0186,CASE-0836,False Positive,Benign activity misclassified; no actual security incident.,2026-06-08
REC-0837,DEV-0085,CASE-0837,,,
REC-0838,DEV-0086,CASE-0838,,,
REC-0839,DEV-0173,CASE-0839,Recommendation Incorrect,Action was unnecessary; root cause differed from AI assessment.,2026-06-08
REC-0840,DEV-0015,CASE-0840,,,
REC-0841,DEV-0164,CASE-0841,False Positive,Benign activity misclassified; no actual security incident.,2026-05-28
REC-0842,DEV-0156,CASE-0842,Recommendation Correct,Verified threat or vulnerability; action validated post-review.,2026-06-13
REC-0843,DEV-0068,CASE-0843,Recommendation Correct,Verified threat or vulnerability; action validated post-review.,2026-06-17
REC-0844,DEV-0140,CASE-0844,Recommendation Correct,Verified threat or vulnerability; action validated post-review.,2026-06-07
REC-0845,DEV-0073,CASE-0845,False Positive,Benign activity misclassified; no actual security incident.,2026-06-13
REC-0846,DEV-0128,CASE-0846,Recommendation Correct,Verified threat or vulnerability; action validated post-review.,2026-05-28
REC-0847,DEV-0207,CASE-0847,Recommendation Correct,Verified threat or vulnerability; action validated post-review.,2026-06-06
REC-0848,DEV-0247,CASE-0848,,,
REC-0849,DEV-0152,CASE-0849,,,
REC-0850,DEV-0178,CASE-0850,,,
REC-0851,DEV-0082,CASE-0851,Recommendation Correct,Verified threat or vulnerability; action validated post-review.,2026-06-14
REC-0852,DEV-0186,CASE-0852,,,
REC-0853,DEV-0067,CASE-0853,Recommendation Correct,Verified threat or vulnerability; action validated post-review.,2026-05-31
REC-0854,DEV-0071,CASE-0854,False Positive,Benign activity misclassified; no actual security incident.,2026-05-30
REC-0855,DEV-0176,CASE-0855,,,
REC-0856,DEV-0020,CASE-0856,Recommendation Incorrect,Action was unnecessary; root cause differed from AI assessment.,2026-05-31
REC-0857,DEV-0205,CASE-0857,,,
REC-0858,DEV-0136,CASE-0858,,,
REC-0859,DEV-0113,CASE-0859,,,
REC-0860,DEV-0061,CASE-0860,Recommendation Incorrect,Action was unnecessary; root cause differed from AI assessment.,2026-06-18
REC-0861,DEV-0129,CASE-0861,Recommendation Correct,Verified threat or vulnerability; action validated post-review.,2026-06-06
REC-0862,DEV-0103,CASE-0862,,,
REC-0863,DEV-0136,CASE-0863,Recommendation Correct,Verified threat or vulnerability; action validated post-review.,2026-06-21
REC-0864,DEV-0018,CASE-0864,Recommendation Correct,Verified threat or vulnerability; action validated post-review.,2026-06-11
REC-0865,DEV-0154,CASE-0865,False Positive,Benign activity misclassified; no actual security incident.,2026-06-18
REC-0866,DEV-0190,CASE-0866,Recommendation Correct,Verified threat or vulnerability; action validated post-review.,2026-06-21
REC-0867,DEV-0033,CASE-0867,,,
REC-0868,DEV-0246,CASE-0868,,,
REC-0869,DEV-0079,CASE-0869,,,
REC-0870,DEV-0028,CASE-0870,Recommendation Correct,Verified threat or vulnerability; action validated post-review.,2026-06-12
REC-0871,DEV-0079,CASE-0871,,,
REC-0872,DEV-0219,CASE-0872,Recommendation Correct,Verified threat or vulnerability; action validated post-review.,2026-05-28
REC-0873,DEV-0241,CASE-0873,,,
REC-0874,DEV-0244,CASE-0874,Recommendation Incorrect,Action was unnecessary; root cause differed from AI assessment.,2026-06-13
REC-0875,DEV-0248,CASE-0875,Recommendation Correct,Verified threat or vulnerability; action validated post-review.,2026-05-27
REC-0876,DEV-0036,CASE-0876,,,
REC-0877,DEV-0112,CASE-0877,False Negative,Threat existed but was missed or dismissed incorrectly.,2026-06-17
REC-0878,DEV-0003,CASE-0878,Recommendation Correct,Verified threat or vulnerability; action validated post-review.,2026-06-01
REC-0879,DEV-0186,CASE-0879,,,
REC-0880,DEV-0072,CASE-0880,,,
REC-0881,DEV-0228,CASE-0881,,,
REC-0882,DEV-0087,CASE-0882,False Positive,Benign activity misclassified; no actual security incident.,2026-05-31
REC-0883,DEV-0001,CASE-0883,False Positive,Benign activity misclassified; no actual security incident.,2026-06-18
REC-0884,DEV-0074,CASE-0884,,,
REC-0885,DEV-0058,CASE-0885,,,
REC-0886,DEV-0246,CASE-0886,Recommendation Correct,Verified threat or vulnerability; action validated post-review.,2026-05-28
REC-0887,DEV-0057,CASE-0887,,,
REC-0888,DEV-0150,CASE-0888,,,
REC-0889,DEV-0205,CASE-0889,False Negative,Threat existed but was missed or dismissed incorrectly.,2026-06-16
REC-0890,DEV-0031,CASE-0890,False Negative,Threat existed but was missed or dismissed incorrectly.,2026-05-25
REC-0891,DEV-0077,CASE-0891,,,
REC-0892,DEV-0032,CASE-0892,False Positive,Benign activity misclassified; no actual security incident.,2026-06-13
REC-0893,DEV-0051,CASE-0893,Recommendation Correct,Verified threat or vulnerability; action validated post-review.,2026-06-09
REC-0894,DEV-0239,CASE-0894,Recommendation Incorrect,Action was unnecessary; root cause differed from AI assessment.,2026-06-09
REC-0895,DEV-0148,CASE-0895,,,
REC-0896,DEV-0145,CASE-0896,Recommendation Correct,Verified threat or vulnerability; action validated post-review.,2026-05-30
REC-0897,DEV-0180,CASE-0897,False Positive,Benign activity misclassified; no actual security incident.,2026-06-21
REC-0898,DEV-0090,CASE-0898,False Positive,Benign activity misclassified; no actual security incident.,2026-06-17
REC-0899,DEV-0153,CASE-0899,False Positive,Benign activity misclassified; no actual security incident.,2026-05-23
REC-0900,DEV-0024,CASE-0900,Recommendation Correct,Verified threat or vulnerability; action validated post-review.,2026-06-09
REC-0901,DEV-0090,CASE-0901,False Positive,Benign activity misclassified; no actual security incident.,2026-06-07
REC-0902,DEV-0205,CASE-0902,Recommendation Correct,Verified threat or vulnerability; action validated post-review.,2026-06-16
REC-0903,DEV-0137,CASE-0903,,,
REC-0904,DEV-0019,CASE-0904,,,
REC-0905,DEV-0102,CASE-0905,,,
REC-0906,DEV-0100,CASE-0906,,,
REC-0907,DEV-0093,CASE-0907,False Positive,Benign activity misclassified; no actual security incident.,2026-05-23
REC-0908,DEV-0187,CASE-0908,,,
REC-0909,DEV-0198,CASE-0909,Recommendation Incorrect,Action was unnecessary; root cause differed from AI assessment.,2026-06-09
REC-0910,DEV-0188,CASE-0910,,,
REC-0911,DEV-0195,CASE-0911,Recommendation Correct,Verified threat or vulnerability; action validated post-review.,2026-06-17
REC-0912,DEV-0048,CASE-0912,False Negative,Threat existed but was missed or dismissed incorrectly.,2026-06-14
REC-0913,DEV-0003,CASE-0913,,,
REC-0914,DEV-0030,CASE-0914,False Positive,Benign activity misclassified; no actual security incident.,2026-06-15
REC-0915,DEV-0111,CASE-0915,Recommendation Correct,Verified threat or vulnerability; action validated post-review.,2026-06-15
REC-0916,DEV-0194,CASE-0916,False Positive,Benign activity misclassified; no actual security incident.,2026-06-12
REC-0917,DEV-0012,CASE-0917,Recommendation Incorrect,Action was unnecessary; root cause differed from AI assessment.,2026-06-09
REC-0918,DEV-0046,CASE-0918,,,
REC-0919,DEV-0142,CASE-0919,,,
REC-0920,DEV-0045,CASE-0920,Recommendation Correct,Verified threat or vulnerability; action validated post-review.,2026-06-03
REC-0921,DEV-0152,CASE-0921,,,
REC-0922,DEV-0106,CASE-0922,,,
REC-0923,DEV-0007,CASE-0923,Recommendation Incorrect,Action was unnecessary; root cause differed from AI assessment.,2026-06-17
REC-0924,DEV-0013,CASE-0924,,,
REC-0925,DEV-0055,CASE-0925,Recommendation Correct,Verified threat or vulnerability; action validated post-review.,2026-05-25
REC-0926,DEV-0185,CASE-0926,,,
REC-0927,DEV-0156,CASE-0927,Recommendation Correct,Verified threat or vulnerability; action validated post-review.,2026-05-31
REC-0928,DEV-0218,CASE-0928,Recommendation Correct,Verified threat or vulnerability; action validated post-review.,2026-06-11
REC-0929,DEV-0089,CASE-0929,,,
REC-0930,DEV-0127,CASE-0930,,,
REC-0931,DEV-0172,CASE-0931,,,
REC-0932,DEV-0149,CASE-0932,Recommendation Correct,Verified threat or vulnerability; action validated post-review.,2026-05-30
REC-0933,DEV-0236,CASE-0933,False Negative,Threat existed but was missed or dismissed incorrectly.,2026-06-12
REC-0934,DEV-0115,CASE-0934,Recommendation Correct,Verified threat or vulnerability; action validated post-review.,2026-05-26
REC-0935,DEV-0022,CASE-0935,,,
REC-0936,DEV-0022,CASE-0936,,,
REC-0937,DEV-0115,CASE-0937,,,
REC-0938,DEV-0012,CASE-0938,,,
REC-0939,DEV-0148,CASE-0939,Recommendation Correct,Verified threat or vulnerability; action validated post-review.,2026-06-02
REC-0940,DEV-0116,CASE-0940,False Positive,Benign activity misclassified; no actual security incident.,2026-06-16
REC-0941,DEV-0176,CASE-0941,Recommendation Correct,Verified threat or vulnerability; action validated post-review.,2026-06-09
REC-0942,DEV-0119,CASE-0942,Recommendation Correct,Verified threat or vulnerability; action validated post-review.,2026-06-04
REC-0943,DEV-0240,CASE-0943,,,
REC-0944,DEV-0024,CASE-0944,Recommendation Correct,Verified threat or vulnerability; action validated post-review.,2026-05-23
REC-0945,DEV-0023,CASE-0945,False Positive,Benign activity misclassified; no actual security incident.,2026-06-09
REC-0946,DEV-0178,CASE-0946,,,
REC-0947,DEV-0211,CASE-0947,False Positive,Benign activity misclassified; no actual security incident.,2026-06-07
REC-0948,DEV-0036,CASE-0948,,,
REC-0949,DEV-0053,CASE-0949,False Positive,Benign activity misclassified; no actual security incident.,2026-06-16
REC-0950,DEV-0115,CASE-0950,False Negative,Threat existed but was missed or dismissed incorrectly.,2026-06-08
REC-0951,DEV-0100,CASE-0951,,,
REC-0952,DEV-0245,CASE-0952,Recommendation Correct,Verified threat or vulnerability; action validated post-review.,2026-06-12
REC-0953,DEV-0141,CASE-0953,False Positive,Benign activity misclassified; no actual security incident.,2026-06-09
REC-0954,DEV-0038,CASE-0954,,,
REC-0955,DEV-0072,CASE-0955,,,
REC-0956,DEV-0136,CASE-0956,,,
REC-0957,DEV-0248,CASE-0957,False Positive,Benign activity misclassified; no actual security incident.,2026-06-03
REC-0958,DEV-0113,CASE-0958,Recommendation Correct,Verified threat or vulnerability; action validated post-review.,2026-06-21
REC-0959,DEV-0001,CASE-0959,,,
REC-0960,DEV-0042,CASE-0960,,,
REC-0961,DEV-0052,CASE-0961,,,
REC-0962,DEV-0189,CASE-0962,False Positive,Benign activity misclassified; no actual security incident.,2026-06-14
REC-0963,DEV-0163,CASE-0963,,,
REC-0964,DEV-0034,CASE-0964,,,
REC-0965,DEV-0003,CASE-0965,Recommendation Correct,Verified threat or vulnerability; action validated post-review.,2026-05-31
REC-0966,DEV-0128,CASE-0966,Recommendation Correct,Verified threat or vulnerability; action validated post-review.,2026-06-07
REC-0967,DEV-0099,CASE-0967,False Positive,Benign activity misclassified; no actual security incident.,2026-05-28
REC-0968,DEV-0177,CASE-0968,,,
REC-0969,DEV-0181,CASE-0969,Recommendation Correct,Verified threat or vulnerability; action validated post-review.,2026-05-29
REC-0970,DEV-0145,CASE-0970,,,
REC-0971,DEV-0149,CASE-0971,Recommendation Correct,Verified threat or vulnerability; action validated post-review.,2026-06-02
REC-0972,DEV-0097,CASE-0972,Recommendation Correct,Verified threat or vulnerability; action validated post-review.,2026-06-07
REC-0973,DEV-0027,CASE-0973,,,
REC-0974,DEV-0118,CASE-0974,,,
REC-0975,DEV-0180,CASE-0975,Recommendation Correct,Verified threat or vulnerability; action validated post-review.,2026-05-31
REC-0976,DEV-0053,CASE-0976,,,
REC-0977,DEV-0150,CASE-0977,False Negative,Threat existed but was missed or dismissed incorrectly.,2026-06-21
REC-0978,DEV-0090,CASE-0978,,,
REC-0979,DEV-0058,CASE-0979,Recommendation Correct,Verified threat or vulnerability; action validated post-review.,2026-06-10
REC-0980,DEV-0207,CASE-0980,,,
REC-0981,DEV-0138,CASE-0981,Recommendation Correct,Verified threat or vulnerability; action validated post-review.,2026-05-30
REC-0982,DEV-0023,CASE-0982,Recommendation Correct,Verified threat or vulnerability; action validated post-review.,2026-05-27
REC-0983,DEV-0200,CASE-0983,,,
REC-0984,DEV-0230,CASE-0984,Recommendation Incorrect,Action was unnecessary; root cause differed from AI assessment.,2026-06-02
REC-0985,DEV-0002,CASE-0985,False Negative,Threat existed but was missed or dismissed incorrectly.,2026-06-01
REC-0986,DEV-0249,CASE-0986,False Negative,Threat existed but was missed or dismissed incorrectly.,2026-06-05
REC-0987,DEV-0236,CASE-0987,,,
REC-0988,DEV-0116,CASE-0988,Recommendation Correct,Verified threat or vulnerability; action validated post-review.,2026-06-07
REC-0989,DEV-0041,CASE-0989,False Positive,Benign activity misclassified; no actual security incident.,2026-06-13
REC-0990,DEV-0082,CASE-0990,,,
REC-0991,DEV-0033,CASE-0991,,,
REC-0992,DEV-0182,CASE-0992,Recommendation Correct,Verified threat or vulnerability; action validated post-review.,2026-06-12
REC-0993,DEV-0015,CASE-0993,,,
REC-0994,DEV-0135,CASE-0994,,,
REC-0995,DEV-0099,CASE-0995,,,
REC-0996,DEV-0129,CASE-0996,,,
REC-0997,DEV-0100,CASE-0997,Recommendation Correct,Verified threat or vulnerability; action validated post-review.,2026-05-23
REC-0998,DEV-0021,CASE-0998,Recommendation Correct,Verified threat or vulnerability; action validated post-review.,2026-06-17
REC-0999,DEV-0134,CASE-0999,False Positive,Benign activity misclassified; no actual security incident.,2026-05-24
REC-1000,DEV-0242,CASE-1000,Recommendation Correct,Verified threat or vulnerability; action validated post-review.,2026-06-11
